QID,page id,item,wiki db,category
Q2818923,6246570,A. J. Pollock,frwiki,Human
Q303293,8837534,Aarón Padilla Gutiérrez,frwiki,Human
Q321770,6950096,Aaron Tveit,frwiki,Human
Q2821074,5967160,Abdelkader Amara,frwiki,Human
Q187058,806410,Abhishek Bachchan,frwiki,Human
Q4669126,13326259,Abraham Palatnik,frwiki,Human
Q87990699,13351460,Acacia Bandubola,frwiki,Human
Q9139694,8681312,Adam Jarubas,frwiki,Human
Q2824007,2429303,Adam Schlesinger,frwiki,Human
Q27102350,10223116,Adrien Ménielle,frwiki,Human
Q401433,3506239,Ahmed Radhi,frwiki,Human
Q88181154,13214212,Aileen Baviera,frwiki,Human
Q47059,37832,Aishwarya Rai,frwiki,Human
Q88788580,13243508,Alan Finder,frwiki,Human
Q2918270,13218323,Alan Merrill,frwiki,Human
Q3910,222471,Albert II (prince de Monaco),frwiki,Human
Q17266671,8305145,Alberto Cirio,frwiki,Human
Q371652,2492413,Albin Ekdal,frwiki,Human
Q11074974,7104138,Aleksandar Vulin,frwiki,Human
Q4717362,7225514,Alex Len,frwiki,Human
Q71763,7778622,Alexander Graf Lambsdorff,frwiki,Human
Q2834400,428377,Alexia Laroche-Joubert,frwiki,Human
Q4722019,8556000,Alfonso Cortina,frwiki,Human
Q439354,7151717,Ali Akbar Velayati,frwiki,Human
Q336363,1090809,Ali Larijani,frwiki,Human
Q720068,3410402,Allen Daviau,frwiki,Human
Q932204,2487438,Allen Garfield,frwiki,Human
Q25115075,10115601,Alpha Barry,frwiki,Human
Q4738985,13182783,Amabié,frwiki,Others
Q9570,222212,Amitabh Bachchan,frwiki,Human
Q433215,3026058,Ana Pastor Julián,frwiki,Human
Q2847343,2223849,André Bouchat,frwiki,Human
Q517765,9294,André Chassaigne,frwiki,Human
Q16263095,7065080,André Manaranche,frwiki,Human
Q42402,2000309,Andrea Bocelli,frwiki,Human
Q2014922,5666307,Andy Cohen,frwiki,Human
Q20971281,10247411,Angelo De Donatis,frwiki,Human
Q536199,13228208,Angelo Moreschi,frwiki,Human
Q88963159,13215243,Angelo Rottoli,frwiki,Human
Q16526911,12440151,Anna Ascani,frwiki,Human
Q2850947,847103,Anne-Élisabeth Blateau,frwiki,Human
Q3374,13983,Anne-Sophie Mutter,frwiki,Human
Q4769295,12684727,Annie Glenn,frwiki,Human
Q573246,6805936,Anthony Fauci,frwiki,Human
Q2854096,6425648,Antoine Joly,frwiki,Human
Q19968713,12363574,Antonino La Gumina,frwiki,Human
Q88094808,13242568,Antonio Michele Stanca,frwiki,Human
Q74579110,12887468,Antonio Salvá Verd,frwiki,Human
Q609891,3421947,Antti Törmänen,frwiki,Human
Q2863379,1345508,Arnold Sowinski,frwiki,Human
Q1133513,4371857,Aroldis Chapman,frwiki,Human
Q16647536,13244494,Arthur Whistler,frwiki,Human
Q2871670,988284,Augustin de Romanet,frwiki,Human
Q2871915,2785041,Aurlus Mabélé,frwiki,Human
Q20090644,9756486,Auston Matthews,frwiki,Human
Q4832169,13214106,Azam Khan,frwiki,Human
Q2701515,3654488,Bart Tommelein,frwiki,Human
Q466012,4735929,Bartosz Bereszyński,frwiki,Human
Q91621670,13475826,Belco Bah,frwiki,Human
Q4886138,12209238,Ben McAdams,frwiki,Human
Q2898818,318862,Bernard de La Villardière,frwiki,Human
Q89358641,13229098,Bernard Epin,frwiki,Human
Q56678261,13246574,Bernard Juskiewicz,frwiki,Human
Q48315912,11350585,Bernard Stalter,frwiki,Human
Q1921,1004521,Blaise Matuidi,frwiki,Human
Q89271759,13231698,Bob Glanzer,frwiki,Human
Q2268878,13271689,Bob Lazier,frwiki,Human
Q843822,6530061,Boglárka Kapás,frwiki,Human
Q125663,173986,Boris Akounine,frwiki,Human
Q180589,1818268,Boris Johnson,frwiki,Human
Q14905846,7388426,Borna Ćorić,frwiki,Human
Q89197302,13239675,Brett Crozier,frwiki,Human
Q382700,7357726,Brett Dean,frwiki,Human
Q3644511,10315034,Brian Stokes Mitchell,frwiki,Human
Q2926450,878129,Bruce Myers,frwiki,Human
Q30333326,10921420,Brune Poirson,frwiki,Human
Q1000366,13226308,Bucky Pizzarelli,frwiki,Human
Q19663167,10021014,Buddy Hield,frwiki,Human
Q93596977,13305545,Ça va bien aller (slogan),frwiki,Others
Q42396622,11201136,Callum Hudson-Odoi,frwiki,Human
Q318410,3433411,Cameron van der Burgh,frwiki,Human
Q74579105,12887454,Carlos Hugo Fernández-Roca Suárez,frwiki,Human
Q74579116,12887457,Carlos José Zambrano García-Raez,frwiki,Human
Q2614472,2678639,Carmen Calvo,frwiki,Human
Q12385390,10654583,Carmen Leyte,frwiki,Human
Q35281,734378,Carnaval de Bâle,frwiki,Others
Q35191,89778,Carnaval de Venise,frwiki,Others
Q30341815,10937067,Carole Bureau-Bonnard,frwiki,Human
Q2939877,4372884,Carole Dechantre,frwiki,Human
Q5753193,10744821,Carolina Darias,frwiki,Human
Q64732854,13235605,Carrie Symonds,frwiki,Human
Q96056565,13396244,Celine Fariala Mangaza,frwiki,Human
Q983320,5673551,Cesar Virata,frwiki,Human
Q63676927,13297885,Championnat de Finlande de hockey sur glace 2019-2020,frwiki,Others
Q2961093,13113835,Charlélie Couture,frwiki,Human
Q43274,13004669,Charles de Galles,frwiki,Human
Q78515,1379447,Charles de Habsbourg-Lorraine,frwiki,Human
Q2960824,5530856,Charlie Blackmon,frwiki,Human
Q55030082,12738351,Charlotte Lawrence,frwiki,Human
Q2964883,2843287,Chris Trousdale,frwiki,Human
Q749029,9512,Christian Estrosi,frwiki,Human
Q707984,1344039,Christian Jacob,frwiki,Human
Q20639748,9240736,Christian Wood,frwiki,Human
Q1086279,57435,Christophe (chanteur),frwiki,Human
Q89888640,13373394,Christophe Pras,frwiki,Human
Q445438,1119734,Christopher Cross,frwiki,Human
Q83493517,13148620,Chronologie de la pandémie de Covid-19,frwiki,Others
Q456623,3123031,Chuck Billy,frwiki,Human
Q18016181,13331892,Claude Beauchamp,frwiki,Human
Q2977352,2011179,Claude Evrard,frwiki,Human
Q2746785,2766319,Claude Goasguen,frwiki,Human
Q91167491,2934400,Claude Lafortune,frwiki,Human
Q77421,3714808,Clemens Pickel,frwiki,Human
Q706818,1076919,Clive Allen,frwiki,Human
Q85872065,13185996,"Conséquences économiques, sociales et environnementales de la pandémie de Covid-19",frwiki,Others
Q278567,13190716,Coronavirus lié au syndrome respiratoire aigu sévère,frwiki,Others
Q88058672,13234448,Covid-19 pendant la grossesse,frwiki,Others
Q88599208,13273748,Crise économique liée à la pandémie de Covid-19,frwiki,Others
Q3002872,5526317,Cristina (chanteuse),frwiki,Human
Q3008822,1093656,Cynthia Viteri,frwiki,Human
Q536308,862881,D. L. Hughley,frwiki,Human
Q97616,7555970,Dan van Husen,frwiki,Human
Q2779131,583619,Danie Gerber,frwiki,Human
Q10263911,13215926,Daniel Azulay,frwiki,Human
Q3013834,1959361,Daniel Cauchy,frwiki,Human
Q299700,355041,Daniel Dae Kim,frwiki,Human
Q11774225,12108276,Daniel Křetínský,frwiki,Human
Q84247209,13104855,Daniel Maldini,frwiki,Human
Q18129450,13227969,Daniel Yuste,frwiki,Human
Q15830919,8383980,Daniele Rugani,frwiki,Human
Q3015089,4964641,Danilo Barozzi,frwiki,Human
Q2450102,348257,Dave Greenfield,frwiki,Human
Q48700293,10264334,David Brooks (tueur),frwiki,Human
Q310098,743763,David Bryan,frwiki,Human
Q5232007,13233627,David C. Driskell,frwiki,Human
Q90812370,13261682,David Méresse,frwiki,Human
Q60478,5459381,DeAndre Jordan,frwiki,Human
Q238671,967050,Debi Mazar,frwiki,Human
Q4140539,9003625,"Delino DeShields, Jr.",frwiki,Human
Q89018986,13223053,Denise Millet,frwiki,Human
Q85173778,13208101,Désinformation sur la pandémie de Covid-19,frwiki,Others
Q3706229,12162559,Detto Mariano,frwiki,Human
Q88459495,13215674,Développement et recherche de médicaments contre la Covid-19,frwiki,Others
Q422252,326279,Dexaméthasone,frwiki,Others
Q19635577,9433064,Dimítrios Kremastinós,frwiki,Human
Q1227076,6833370,Diosdado Cabello,frwiki,Human
Q989330,354770,Disneyland Resort Line,frwiki,Others
Q3011059,5513032,DJ LeMahieu,frwiki,Human
Q944421,13260791,Dmitri Smirnov,frwiki,Human
Q21888028,10061539,Dmitry Strakhov,frwiki,Human
Q24572712,12758647,Dominic Cummings,frwiki,Human
Q3035559,2314826,Dominique de Legge,frwiki,Human
Q1240726,3510378,Donato Sabia,frwiki,Human
Q5296298,10879845,Donna Air,frwiki,Human
Q30122104,10928068,Donovan Mitchell,frwiki,Human
Q63198327,12499714,Dora Werzberg,frwiki,Human
Q5304908,13318425,Dragan Vučić,frwiki,Human
Q47668952,13239676,Duan Zhengcheng,frwiki,Human
Q16337378,13407790,Dulce Nunes,frwiki,Human
Q23762815,12491951,Dušan Vlahović,frwiki,Human
Q29986806,10874033,"Dwight Smith, Jr.",frwiki,Human
Q3046479,3404344,Earvin Ngapeth,frwiki,Human
Q1295235,13419131,Edén Pastora Gómez,frwiki,Human
Q27999131,10463645,Eduardo Santos Itoiz,frwiki,Human
Q1771,1928627,Ehsan Hadadi,frwiki,Human
Q5362050,13252314,Eliahou Bakshi-Doron,frwiki,Human
Q579231,3568474,Eliaquim Mangala,frwiki,Human
Q30342359,10946896,Élisabeth Toutut-Picard,frwiki,Human
Q487043,10615465,Ellis Marsalis Jr.,frwiki,Human
Q2524635,9742841,Elsa Joubert,frwiki,Human
Q4969401,6992588,Elsebeth Gerner Nielsen,frwiki,Human
Q1338344,3060988,Emmanuel Delmas,frwiki,Human
Q33142338,3614190,Emmanuelle Wargon,frwiki,Human
Q3054705,1242760,Enrique Múgica,frwiki,Human
Q1317442,5113312,Eric Bledsoe,frwiki,Human
Q450643,10762274,Ernest Vinberg,frwiki,Human
Q5397780,9384171,Eshaq Djahanguiri,frwiki,Human
Q2083681,1591466,Esperanza Aguirre,frwiki,Human
Q56640617,12026692,Eva Colas,frwiki,Human
Q3270870,8399184,Evángelos Marinákis,frwiki,Human
Q296684,2724149,Ezequiel Garay,frwiki,Human
Q96072211,13399785,Fabiana Anastácio,frwiki,Human
Q28967968,11498514,Fabio Depaoli,frwiki,Human
Q5435227,13242618,Fariborz Raisdana,frwiki,Human
Q5946269,13170585,Fatemeh Rahbar,frwiki,Human
Q262203,1392623,Fatih Terim,frwiki,Human
Q777319,6089897,Felipe Nasr,frwiki,Human
Q3069409,5501737,Fernanda Paes Leme,frwiki,Human
Q16889614,7974981,Fernando Gaviria,frwiki,Human
Q24941815,13188968,Fernando Simón,frwiki,Human
Q88553411,13223405,Floyd Cardoz,frwiki,Human
Q17305299,11047751,Frances Tiafoe,frwiki,Human
Q3749916,13262308,Francesco Di Carlo,frwiki,Human
Q87830378,13249594,Francesco Saverio Pavone,frwiki,Human
Q1441576,3728969,Francis Rapp,frwiki,Human
Q42880197,11295247,Francis X. Suarez,frwiki,Human
Q3081861,4100741,Francisco Hernando,frwiki,Human
Q64463,1738104,Franck Riester,frwiki,Human
Q55020621,13234319,François de Gaulle,frwiki,Human
Q3087003,4924345,Freddie Freeman,frwiki,Human
Q44738451,11257425,Frédéric Favre,frwiki,Human
Q89582569,13236634,Frida Wattenberg,frwiki,Human
Q566257,11163288,Friedrich Merz,frwiki,Human
Q318991,430380,Gad Elmaleh,frwiki,Human
Q16638763,7021887,Gaël Faye,frwiki,Human
Q2130136,8702345,Gare de Hong Kong-West Kowloon,frwiki,Others
Q968498,6129465,Gary Holt (musicien),frwiki,Human
Q845156,1583026,George Alagiah,frwiki,Human
Q95677819,13377736,George Floyd,frwiki,Human
Q1655924,4103743,George Stephanopoulos,frwiki,Human
Q3124154,1378790,Gérard Mannoni,frwiki,Human
Q1559010,13262712,Gérard Mulumba Kalemba,frwiki,Human
Q690395,6759378,Germà Colón,frwiki,Human
Q3761173,10368905,Germán Pezzella,frwiki,Human
Q1093350,2808273,Germano Celant,frwiki,Human
Q97129077,13474488,Ghaida Kambash,frwiki,Human
Q3104996,590622,Ghyslain Tremblay,frwiki,Human
Q19361829,13186118,Giovanni Battista Rabino,frwiki,Human
Q42571276,13223427,Gita Ramjee,frwiki,Human
Q468812,7505181,Giuliana De Sio,frwiki,Human
Q204279,148439,Goran Ivanišević,frwiki,Human
Q558820,5945637,Gōtoku Sakai,frwiki,Human
Q1545256,13226736,Goyo Benito,frwiki,Human
Q359010,3567364,Greg Rikaart,frwiki,Human
Q16234113,8042967,Gregory Polanco,frwiki,Human
Q337681,3115193,Grigor Dimitrov,frwiki,Human
Q495202,12508142,Guerre entre le Pérou et la Bolivie,frwiki,Others
Q30343165,10917202,Guillaume Vuilletet,frwiki,Human
Q3121642,5020449,Guy Chaty,frwiki,Human
Q3090,10609,Guy Teissier,frwiki,Human
Q63766490,13162188,Guylène Pantel,frwiki,Human
Q6555796,13188759,Hachem Bathaie Golpayegani,frwiki,Human
Q30081749,13174379,Hadi Khosroshahi,frwiki,Human
Q447509,10430517,Hal Willner,frwiki,Human
Q3126401,2034651,Hamed Bakayoko,frwiki,Human
Q21405631,13242610,Hamid Kahram,frwiki,Human
Q1585971,2939960,Haroldo Rodas,frwiki,Human
Q222851,6161295,Harrison Barnes,frwiki,Human
Q531599,1135906,Harvey Weinstein,frwiki,Human
Q2784436,13474466,Hassan al-Lawzi,frwiki,Human
Q5618246,13273052,Heherson Alvarez,frwiki,Human
Q5703827,8638075,Helène Aylon,frwiki,Human
Q3144732,2982835,Hélène Châtelain,frwiki,Human
Q2896225,1822625,Hélène Darroze,frwiki,Human
Q89588532,13245626,Henri Ecochard,frwiki,Human
Q17486036,8151909,Henri Kichka,frwiki,Human
Q3131533,593144,Henri Madelin,frwiki,Human
Q3131915,3718598,Henri Richelet,frwiki,Human
Q3132075,675349,Henri Tincq,frwiki,Human
Q1340521,239595,Henri Weber,frwiki,Human
Q17305968,13262830,Henry Graff,frwiki,Human
Q719759,548421,Henry Grimes (musicien),frwiki,Human
Q491019,5728794,Herman Cain,frwiki,Human
Q84737258,13239594,Hong Ling,frwiki,Human
Q83554783,13103560,Hôpital Huoshenshan,frwiki,Others
Q83766264,13104839,Hôpital Leishenshan,frwiki,Others
Q16885630,13212317,Hossein Sheikholeslam,frwiki,Human
Q116650,1428682,Hugo Gatti,frwiki,Human
Q89153681,13245884,Hycovid,frwiki,Others
Q3180917,8409974,Ibrahim Amini,frwiki,Human
Q1545644,3902472,Ibrahima N'Diaye (homme politique malien),frwiki,Human
Q5479644,10601845,Idoia Mendia,frwiki,Human
Q342604,3314341,Idris Elba,frwiki,Human
Q3148268,6381861,Igor Boev,frwiki,Human
Q173923,820890,Ilija Petković,frwiki,Human
Q90085156,13343726,Impact environnemental de la pandémie de Covid-19,frwiki,Others
Q463585,5109892,Indira Varma,frwiki,Human
Q86359645,13194681,Iraj Harirchi,frwiki,Human
Q21706297,10463398,Irene Montero,frwiki,Human
Q17322473,13288472,Iris Love,frwiki,Human
Q50634772,12306850,Isabel Díaz Ayuso,frwiki,Human
Q3804395,7039031,Italo De Zan,frwiki,Human
Q35633,11463465,Itziar Ituño,frwiki,Human
Q34660,23012,J. K. Rowling,frwiki,Human
Q6110020,7732918,Jabari Parker,frwiki,Human
Q355009,553761,Jackson Browne,frwiki,Human
Q88928087,13427744,Jacob Plange-Rhule,frwiki,Human
Q89284961,13226580,Jacques F. Acar,frwiki,Human
Q3158941,961670,Jacques Frémontier,frwiki,Human
Q3159292,2512399,Jacques Le Brun,frwiki,Human
Q3159696,1859283,Jacques Oudin (homme politique),frwiki,Human
Q3159726,556712,Jacques Pellen,frwiki,Human
Q3159913,1538852,Jacques Rosny,frwiki,Human
Q10304982,8565441,Jair Bolsonaro,frwiki,Human
Q2029605,12571145,Jamel Herring,frwiki,Human
Q13605936,7247741,James Ennis III,frwiki,Human
Q6137546,12996976,James L. Dolan,frwiki,Human
Q24151034,10021107,Jan Neuenschwander,frwiki,Human
Q26211997,11298215,Jannes Horn,frwiki,Human
Q15820808,9744200,Jannik Kohlbacher,frwiki,Human
Q2317740,5344027,Jason Collins,frwiki,Human
Q50824635,12290620,Javier Ortega Smith,frwiki,Human
Q154855,365441,Javier Solana,frwiki,Human
Q88206609,13197441,Jean Leber,frwiki,Human
Q88326495,13200308,Jean-Jacques Razafindranazy,frwiki,Human
Q999960,43686,Jean-Laurent Cochet,frwiki,Human
Q556340,1174518,Jean-Luc Brunin,frwiki,Human
Q3167246,10338,Jean-Luc Reitzer,frwiki,Human
Q30729040,10901341,Jean-Marc Manducher,frwiki,Human
Q65606835,13502714,Jean-Marie Zoellé,frwiki,Human
Q2579804,785816,Jean-Michel Javaux,frwiki,Human
Q91756983,13229921,Jean-Paul Michel (architecte),frwiki,Human
Q16581287,12886054,Jeanine Áñez,frwiki,Human
Q281708,4539249,Jens Keukeleire,frwiki,Human
Q91159963,13274892,Jerry Givens,frwiki,Human
Q90723872,13364098,Jerzy Główczewski,frwiki,Human
Q717045,3122364,Jim Edmonds,frwiki,Human
Q217238,1361058,Jimmie Johnson,frwiki,Human
Q1237349,13287153,Jiří Toman,frwiki,Human
Q740411,1245550,Joachim Yhombi-Opango,frwiki,Human
Q21787611,10250099,Joan Olòriz Serra,frwiki,Human
Q58993183,12193266,Joe Cunningham (homme politique),frwiki,Human
Q1691384,13222830,Joe Diffie,frwiki,Human
Q16646407,7878383,Joël Bruneau,frwiki,Human
Q3180252,4944860,Joel M. Reed,frwiki,Human
Q57567,4375457,Joël Matip,frwiki,Human
Q16235385,9183807,Joey Gallo,frwiki,Human
Q96551,11741398,Johannes B. Kerner,frwiki,Human
Q88719792,13214925,John F. Murray,frwiki,Human
Q1364820,1291652,John H. Cox,frwiki,Human
Q268961,114750,John Horton Conway,frwiki,Human
Q520296,5411084,John Prine,frwiki,Human
Q1193243,13306068,John T. Houghton,frwiki,Human
Q540283,3080239,John Taylor (bassiste),frwiki,Human
Q2689047,7921439,Jonathas,frwiki,Human
Q15396247,8104327,José Gayà,frwiki,Human
Q3810475,13215893,José Luis Capón,frwiki,Human
Q1008502,4942384,Josep Maria Benet i Jornet,frwiki,Human
Q15944854,7272515,Joséphine Draï,frwiki,Human
Q29962972,10868388,Josiane Costes,frwiki,Human
Q1710489,254992,Juan Giménez,frwiki,Human
Q5951723,7558705,Juan Orlando Hernández,frwiki,Human
Q3189161,883135,Julie Bennett,frwiki,Human
Q5018805,7560689,Jun'ichi Ishida,frwiki,Human
Q860820,7155286,Kankurō Kudō,frwiki,Human
Q3193039,5591327,Kareem Jackson,frwiki,Human
Q437950,1069889,Katrina Adams,frwiki,Human
Q42770663,12197722,Keisha Lance Bottoms,frwiki,Human
Q1320080,5737889,Ken Shimura,frwiki,Human
Q344983,941327,Kenneth Edmonds,frwiki,Human
Q187198,408774,Kenny Dalglish,frwiki,Human
Q29545,1454221,Kevin Durant,frwiki,Human
Q923090,356492,Kevin Saunderson,frwiki,Human
Q58322517,12157263,Kevin Stitt,frwiki,Human
Q12283012,9855418,Kiril Domuschiev,frwiki,Human
Q90405588,13289579,Kishen Bholasing,frwiki,Human
Q3282984,13280524,Koos van den Berg,frwiki,Human
Q2633169,6374636,Kozo Tashima,frwiki,Human
Q87629158,13181521,Krach boursier de 2020,frwiki,Others
Q6438398,7189562,Kristofer Hivju,frwiki,Human
Q1806117,11413104,Larry Scott (tennis),frwiki,Human
Q271765,1146732,Laura Bell Bundy,frwiki,Human
Q3218716,2774759,Laura Tenoudji,frwiki,Human
Q47091950,11749460,Laurence Devillers,frwiki,Human
Q89589522,13340402,Laurent Gruson,frwiki,Human
Q6504550,11497018,Lawrence S. Bacow,frwiki,Human
Q87511491,13242585,Lee Cha-su,frwiki,Human
Q89564475,13243465,Lee Fierro,frwiki,Human
Q453393,549193,Lee Konitz,frwiki,Human
Q45843259,11346366,Leïla Menchari,frwiki,Human
Q33421935,11007123,Lenni-Kim,frwiki,Human
Q2622339,12142846,Lev Lechtchenko,frwiki,Human
Q84497471,13112014,Li Wenliang,frwiki,Human
Q85245727,13237016,Liang Wudong,frwiki,Human
Q89924623,13247619,Liliane Marchais,frwiki,Human
Q85005219,13239635,Lin Zhengbin,frwiki,Human
Q88027839,13203249,Liste de personnalités mortes de la Covid-19,frwiki,Others
Q30165113,11205654,Lloyd Russell-Moyle,frwiki,Human
Q89044367,13420409,Lorena Borjas,frwiki,Human
Q3836866,13244709,Lorenzo Acquarone,frwiki,Human
Q1067412,964975,Lorenzo Sanz,frwiki,Human
Q3263300,1291914,Louis Vogel,frwiki,Human
Q18202524,8357975,Louis-Jean de Nicolaÿ,frwiki,Human
Q66433557,12755128,Luca Kilian,frwiki,Human
Q15117583,10021068,Luca Lotti,frwiki,Human
Q267724,1030375,Lucia Bosè,frwiki,Human
Q3265178,5717574,Lucian Grainge,frwiki,Human
Q3265723,287623,Lucien Sève,frwiki,Human
Q61481724,13213013,Luigi Roni,frwiki,Human
Q314861,153477,Luis Fernandez (football),frwiki,Human
Q334126,345093,Luis Sepúlveda,frwiki,Human
Q64569137,12523163,Macarena Olona,frwiki,Human
Q92878926,13304327,Madeline Kripke,frwiki,Human
Q2024999,7676771,Mads Mensah Larsen,frwiki,Human
Q296724,5684003,Mahmoud Jibril,frwiki,Human
Q5959000,13194693,Mahmoud Sadeghi,frwiki,Human
Q17350905,8042424,Maina Sage,frwiki,Human
Q18975243,13129614,Maladie à coronavirus,frwiki,Others
Q84263196,13107788,Maladie à coronavirus 2019,frwiki,Others
Q17465755,10023471,Malcolm Brogdon,frwiki,Human
Q97011316,13461052,Mamadou Bamba Ndiaye (ministre),frwiki,Human
Q17350757,8112668,Mamadou Philippe Karambiri,frwiki,Human
Q129816,6114441,Manolo Gabbiadini,frwiki,Human
Q3286565,9976,Mansour Kamardine,frwiki,Human
Q445829,528655,Manu Dibango,frwiki,Human
Q29525790,10801246,Marc Engels,frwiki,Human
Q1892733,6221204,Marc Mézard,frwiki,Human
Q16269432,7363208,Marcel Javaux,frwiki,Human
Q2386112,754894,Marcel Moreau,frwiki,Human
Q3289573,1112203,Marcelle Ranson-Hervé,frwiki,Human
Q83264280,13092042,Marché de gros de fruits de mer de Huanan,frwiki,Others
Q1675472,3918408,Marco Solari,frwiki,Human
Q6757719,11533829,Marco Sportiello,frwiki,Human
Q6758454,8060203,Marcus Smart,frwiki,Human
Q3290692,380918,Marguerite Derrida,frwiki,Human
Q89795205,13242246,Marguerite Lescop,frwiki,Human
Q66084989,12978847,Mariana Arceo,frwiki,Human
Q48280,344263,Marianne Faithfull,frwiki,Human
Q55998474,13212181,Marie-Thérèse de Bourbon-Parme,frwiki,Human
Q767270,10401477,Mario Díaz-Balart,frwiki,Human
Q1868688,13232958,Mark Blum,frwiki,Human
Q6769832,9733337,Mark Steiner,frwiki,Human
Q16185279,13322551,Marko Đurić,frwiki,Human
Q207399,1236849,Marko Pantelić,frwiki,Human
Q15731012,13401595,Marlon Moraes,frwiki,Human
Q275169,1014243,Marouane Fellaini,frwiki,Human
Q19947773,8973222,Martine Vassal,frwiki,Human
Q10326942,13215961,Martinho Lutero Galati,frwiki,Human
Q29230,490557,Martti Ahtisaari,frwiki,Human
Q6778086,8641570,Marv Luster,frwiki,Human
Q6782695,7009208,Masataka Nashida,frwiki,Human
Q25425597,13194712,Masoumeh Aghapour Alishahi,frwiki,Human
Q738196,1936109,Masoumeh Ebtekar,frwiki,Human
Q478161,9120540,Matthew Hancock,frwiki,Human
Q28968068,13140487,Mattia Zaccagni,frwiki,Human
Q3300367,1791856,Maurice Barrier,frwiki,Human
Q4084007,11505847,Maurice Berger (historien),frwiki,Human
Q3300416,1509544,Maurice Bidermann,frwiki,Human
Q1270426,1515389,Maximiliano Richeze,frwiki,Human
Q3306708,801127,Merwan Rim,frwiki,Human
Q1660441,6815315,Métro de Wuhan,frwiki,Others
Q23820256,9907202,MHD (rappeur),frwiki,Human
Q352696,3446618,Michael Beasley,frwiki,Human
Q6834517,13228674,Michael Sorkin,frwiki,Human
Q15994807,13254894,Michael Wakelam,frwiki,Human
Q438465,38987,Michel Barnier,frwiki,Human
Q2917346,12135,Michel Boujenah,frwiki,Human
Q924976,9648,Michel Herbillon,frwiki,Human
Q3310166,1062808,Michel Lelong (prêtre),frwiki,Human
Q782651,2934916,Michel Parisse,frwiki,Human
Q15131268,7108058,Michel Tibon-Cornillot,frwiki,Human
Q44742365,11298388,Michèle Victory,frwiki,Human
Q6844797,9258324,Miguel Sanó,frwiki,Human
Q4994305,10593170,Mikael Appelgren (handball),frwiki,Human
Q3313368,2804425,Mike Huckaby,frwiki,Human
Q1431761,10399616,Mike Kelly,frwiki,Human
Q185572,822000,Mikel Arteta,frwiki,Human
Q4197538,13430724,Mikhaïl Ignatiev (homme politique),frwiki,Human
Q4298520,13058690,Mikhaïl Michoustine,frwiki,Human
Q1562744,13219143,Milutin (évêque de Valjevo),frwiki,Human
Q5835086,13241861,Minoo Mohraz,frwiki,Human
Q18345498,11534977,Mirga Gražinytė-Tyla,frwiki,Human
Q691911,4773002,Mitchell Langerak,frwiki,Human
Q795924,3646625,Mobile World Congress,frwiki,Others
Q92159374,13288134,Mohamed Ben Omar,frwiki,Human
Q88660090,13242690,Mohamed Farah (football),frwiki,Human
Q97143554,13470063,Mohamed Kouradji,frwiki,Human
Q21674648,13210376,Mohammad Kiyavosh,frwiki,Human
Q16052285,13212187,Mohammad Mirmohammadi,frwiki,Human
Q85098459,13178973,Mohammad-Reza Rahchamani,frwiki,Human
Q23024142,13194701,Mojtaba Zonnour,frwiki,Human
Q16852194,11215073,Morten Thorsby,frwiki,Human
Q349311,648837,Mostafa Pourmohammadi,frwiki,Human
Q31451910,13369028,Moukar Tcholponbayev,frwiki,Human
Q3326196,5778570,Moussa Benhamadi,frwiki,Human
Q3326366,5597873,Moustapha Mamba Guirassy,frwiki,Human
Q78482962,12978401,Moustapha Naité,frwiki,Human
Q982113,6378482,Mu Kanazaki,frwiki,Human
Q258586,6731487,Nadine Dorries,frwiki,Human
Q930921,1858321,Naoki Tsukahara,frwiki,Human
Q48872746,13216622,Naomi Munakata,frwiki,Human
Q87652750,13242597,Nasser Shabani,frwiki,Human
Q588067,1508887,Natalie Horler,frwiki,Human
Q52734910,11685236,Nathalie Fontanet,frwiki,Human
Q27733851,10462135,Neal Dunn,frwiki,Human
Q93464189,13315304,NHS COVID-19,frwiki,Others
Q16847056,13293254,Nick Cordero,frwiki,Human
Q1151614,3630122,Nick Watney,frwiki,Human
Q1332769,6955187,Nicola Zingaretti,frwiki,Human
Q3340026,295502,Nicolas Alfonsi,frwiki,Human
Q17281073,8410398,Nikola Jokić,frwiki,Human
Q430746,1028785,Norman Hunter,frwiki,Human
Q451302,3539761,Nour Hassan Hussein,frwiki,Human
Q5812,894959,Novak Djokovic,frwiki,Human
Q86715481,13156909,Nuno Gomes Nabiam,frwiki,Human
Q434890,10398198,Nydia Velázquez,frwiki,Human
Q164730,2697444,Olga Kurylenko,frwiki,Human
Q10340557,12849816,Olga Savary,frwiki,Human
Q3351209,520532,Olivier Mazerolle,frwiki,Human
Q7085856,13229451,Olle Holmquist,frwiki,Human
Q11885519,10269680,Omar Colley,frwiki,Human
Q24248306,13249631,Orlando McDaniel,frwiki,Human
Q3593648,1184250,Óscar Chávez,frwiki,Human
Q88311447,13241895,Oumarou Idani,frwiki,Human
Q81068910,13194545,Pandémie de Covid-19,frwiki,Bio-Med
Q88870152,13431036,Pandémie de Covid-19 à Anguilla,frwiki,Region
Q87708331,13308862,Pandémie de Covid-19 à Antigua-et-Barbuda,frwiki,Region
Q87580938,13201855,Pandémie de Covid-19 à Chypre,frwiki,Region
Q87590993,13190770,Pandémie de Covid-19 à Cuba,frwiki,Region
Q88356648,13318672,Pandémie de Covid-19 à la Dominique,frwiki,Region
Q88713785,13319419,Pandémie de Covid-19 à la Grenade,frwiki,Region
Q87162010,13196031,Pandémie de Covid-19 à La Réunion,frwiki,Region
Q88225303,13225693,Pandémie de Covid-19 à Madagascar,frwiki,Region
Q87162202,13246580,Pandémie de Covid-19 à Mayotte,frwiki,Region
Q87250877,13226963,Pandémie de Covid-19 à Monaco,frwiki,Region
Q87144476,13260151,Pandémie de Covid-19 à Saint-Barthélemy,frwiki,Region
Q88864139,13316309,Pandémie de Covid-19 à Saint-Christophe-et-Niévès,frwiki,Region
Q87123561,13257707,Pandémie de Covid-19 à Saint-Marin,frwiki,Region
Q87144431,13260145,Pandémie de Covid-19 à Saint-Martin (Antilles françaises),frwiki,Region
Q87656613,13260105,Pandémie de Covid-19 à Saint-Pierre-et-Miquelon,frwiki,Region
Q87687648,13316342,Pandémie de Covid-19 à Saint-Vincent-et-les-Grenadines,frwiki,Region
Q87707727,13316361,Pandémie de Covid-19 à Sainte-Lucie,frwiki,Region
Q89598747,13316644,Pandémie de Covid-19 à Sao Tomé-et-Principe,frwiki,Region
Q83873387,13346607,Pandémie de Covid-19 à Singapour,frwiki,Region
Q84081307,13222416,Pandémie de Covid-19 à Taïwan,frwiki,Region
Q87694131,13316711,Pandémie de Covid-19 à Trinité-et-Tobago,frwiki,Region
Q88561418,13314500,Pandémie de Covid-19 au Belize,frwiki,Region
Q87781572,13195386,Pandémie de Covid-19 au Bénin,frwiki,Region
Q89164046,13228479,Pandémie de Covid-19 au Botswana,frwiki,Region
Q86597695,13206139,Pandémie de Covid-19 au Brésil,frwiki,Region
Q87412028,13314997,Pandémie de Covid-19 au Brunei,frwiki,Region
Q87665364,13184644,Pandémie de Covid-19 au Burkina Faso,frwiki,Region
Q89193856,13269411,Pandémie de Covid-19 au Burundi,frwiki,Region
Q87250930,12539906,Pandémie de Covid-19 au Cameroun,frwiki,Region
Q83873580,13178823,Pandémie de Covid-19 au Canada,frwiki,Region
Q88082639,13315037,Pandémie de Covid-19 au Cap-Vert,frwiki,Region
Q87191204,13210490,Pandémie de Covid-19 au Chili,frwiki,Region
Q86597685,13192831,Pandémie de Covid-19 au Danemark,frwiki,Region
Q87785296,13265011,Pandémie de Covid-19 au Groenland,frwiki,Region
Q87669612,13461720,Pandémie de Covid-19 au Guatemala,frwiki,Region
Q87589392,13440019,Pandémie de Covid-19 au Honduras,frwiki,Region
Q83872291,13181456,Pandémie de Covid-19 au Japon,frwiki,Region
Q87705884,13202738,Pandémie de Covid-19 au Kenya,frwiki,Region
Q91024607,13430990,Pandémie de Covid-19 au Lesotho,frwiki,Region
Q87250819,13258076,Pandémie de Covid-19 au Liechtenstein,frwiki,Region
Q87250860,13177195,Pandémie de Covid-19 au Luxembourg,frwiki,Region
Q88556836,13211127,Pandémie de Covid-19 au Mali,frwiki,Region
Q87058723,13184325,Pandémie de Covid-19 au Maroc,frwiki,Region
Q86628344,13211139,Pandémie de Covid-19 au Mexique,frwiki,Region
Q87887813,13315328,Pandémie de Covid-19 au Monténégro,frwiki,Region
Q88082809,13229187,Pandémie de Covid-19 au Niger,frwiki,Region
Q87652000,13244706,Pandémie de Covid-19 au Pakistan,frwiki,Region
Q87587763,13278831,Pandémie de Covid-19 au Pérou,frwiki,Region
Q86948603,13195125,Pandémie de Covid-19 au Portugal,frwiki,Region
Q87733671,13316246,Pandémie de Covid-19 au Qatar,frwiki,Region
Q88024576,13193970,Pandémie de Covid-19 au Québec,frwiki,Region
Q84167106,13170474,Pandémie de Covid-19 au Royaume-Uni,frwiki,Region
Q87714704,13255802,Pandémie de Covid-19 au Rwanda,frwiki,Region
Q87745903,13192692,Pandémie de Covid-19 au Sénégal,frwiki,Region
Q88082670,13233973,Pandémie de Covid-19 au Tchad,frwiki,Region
Q87836826,13480053,Pandémie de Covid-19 au Timor oriental,frwiki,Region
Q87662819,13244906,Pandémie de Covid-19 au Togo,frwiki,Region
Q87222526,13243058,Pandémie de Covid-19 au Vatican,frwiki,Region
Q87652010,13190571,Pandémie de Covid-19 au Venezuela,frwiki,Region
Q83873057,13223952,Pandémie de Covid-19 au Viêt Nam,frwiki,Region
Q89695985,13316753,Pandémie de Covid-19 au Yémen,frwiki,Region
Q88164033,13248332,Pandémie de Covid-19 au Zimbabwe,frwiki,Region
Q87755488,13314432,Pandémie de Covid-19 aux Bahamas,frwiki,Region
Q92619508,13305531,Pandémie de Covid-19 aux Comores,frwiki,Region
Q83873577,13169049,Pandémie de Covid-19 aux États-Unis,frwiki,Region
Q87975745,13201895,Pandémie de Covid-19 aux Fidji,frwiki,Region
Q87662895,13315320,Pandémie de Covid-19 aux Maldives,frwiki,Region
Q89277287,13398009,Pandémie de Covid-19 aux Palaos,frwiki,Region
Q86756826,13184690,Pandémie de Covid-19 aux Pays-Bas,frwiki,Region
Q87729500,13316669,Pandémie de Covid-19 aux Seychelles,frwiki,Region
Q86694873,13188090,Pandémie de Covid-19 en Afrique,frwiki,Region
Q87243915,13193610,Pandémie de Covid-19 en Afrique du Sud,frwiki,Region
Q87746397,13317725,Pandémie de Covid-19 en Alaska,frwiki,Region
Q87202921,13176965,Pandémie de Covid-19 en Algérie,frwiki,Region
Q83889294,13156882,Pandémie de Covid-19 en Allemagne,frwiki,Region
Q87406428,13203472,Pandémie de Covid-19 en Amérique,frwiki,Region
Q87715843,13202368,Pandémie de Covid-19 en Andorre,frwiki,Region
Q88082534,13213462,Pandémie de Covid-19 en Angola,frwiki,Region
Q87186117,13367863,Pandémie de Covid-19 en Arabie saoudite,frwiki,Region
Q87235137,13215097,Pandémie de Covid-19 en Argentine,frwiki,Region
Q87648634,13247667,Pandémie de Covid-19 en Arménie,frwiki,Region
Q86521237,13203784,Pandémie de Covid-19 en Asie,frwiki,Region
Q83873548,13156999,Pandémie de Covid-19 en Australie,frwiki,Region
Q86847911,13199548,Pandémie de Covid-19 en Autriche,frwiki,Region
Q87722485,13211394,Pandémie de Covid-19 en Azerbaïdjan,frwiki,Region
Q84446340,13165416,Pandémie de Covid-19 en Belgique,frwiki,Region
Q87250788,13216004,Pandémie de Covid-19 en Biélorussie,frwiki,Region
Q87480220,13333098,Pandémie de Covid-19 en Bolivie,frwiki,Region
Q87250770,13191767,Pandémie de Covid-19 en Bosnie-Herzégovine,frwiki,Region
Q87486535,13289938,Pandémie de Covid-19 en Bulgarie,frwiki,Region
Q83872271,13174635,Pandémie de Covid-19 en Chine,frwiki,Region
Q87483673,13210511,Pandémie de Covid-19 en Colombie,frwiki,Region
Q86675924,13178669,Pandémie de Covid-19 en Corée du Nord,frwiki,Region
Q83872398,13148460,Pandémie de Covid-19 en Corée du Sud,frwiki,Region
Q87704267,13207848,Pandémie de Covid-19 en Côte d'Ivoire,frwiki,Region
Q87250732,13273674,Pandémie de Covid-19 en Croatie,frwiki,Region
Q87116829,13200786,Pandémie de Covid-19 en Égypte,frwiki,Region
Q87250713,13211352,Pandémie de Covid-19 en Équateur,frwiki,Region
Q88371105,13480998,Pandémie de Covid-19 en Érythrée,frwiki,Region
Q84166704,13165408,Pandémie de Covid-19 en Espagne,frwiki,Region
Q87204911,13271120,Pandémie de Covid-19 en Estonie,frwiki,Region
Q87709973,13315311,Pandémie de Covid-19 en Eswatini,frwiki,Region
Q86458103,13191923,Pandémie de Covid-19 en Europe,frwiki,Region
Q84055415,13207076,Pandémie de Covid-19 en Finlande,frwiki,Region
Q83873593,13155123,Pandémie de Covid-19 en France,frwiki,Region
Q87250913,13215466,Pandémie de Covid-19 en Géorgie,frwiki,Region
Q87068864,13221718,Pandémie de Covid-19 en Grèce,frwiki,Region
Q87144389,13260117,Pandémie de Covid-19 en Guadeloupe,frwiki,Region
Q87651970,13188400,Pandémie de Covid-19 en Guinée,frwiki,Region
Q87144458,13260096,Pandémie de Covid-19 en Guyane,frwiki,Region
Q88082693,13217681,Pandémie de Covid-19 en Haïti,frwiki,Region
Q87119811,13264404,Pandémie de Covid-19 en Hongrie,frwiki,Region
Q84055514,13193315,Pandémie de Covid-19 en Inde,frwiki,Region
Q86913546,13267059,Pandémie de Covid-19 en Indonésie,frwiki,Region
Q86733728,13430340,Pandémie de Covid-19 en Irak,frwiki,Region
Q85876114,13141633,Pandémie de Covid-19 en Iran,frwiki,Region
Q87186365,13225721,Pandémie de Covid-19 en Irlande,frwiki,Region
Q87121993,13245097,Pandémie de Covid-19 en Islande,frwiki,Region
Q87070975,13246705,Pandémie de Covid-19 en Israël,frwiki,Region
Q84104992,13151329,Pandémie de Covid-19 en Italie,frwiki,Region
Q87250897,13237489,Pandémie de Covid-19 en Macédoine du Nord,frwiki,Region
Q83873556,13233131,Pandémie de Covid-19 en Malaisie,frwiki,Region
Q87161441,13260134,Pandémie de Covid-19 en Martinique,frwiki,Region
Q87592982,13191568,Pandémie de Covid-19 en Moldavie,frwiki,Region
Q86886544,13182797,Pandémie de Covid-19 en Norvège,frwiki,Region
Q87648388,13260064,Pandémie de Covid-19 en Nouvelle-Calédonie,frwiki,Region
Q87250803,13191916,Pandémie de Covid-19 en Nouvelle-Zélande,frwiki,Region
Q86694210,13195444,Pandémie de Covid-19 en Océanie,frwiki,Region
Q88263719,13212868,Pandémie de Covid-19 en Ouganda,frwiki,Region
Q87755912,13245293,Pandémie de Covid-19 en Ouzbékistan,frwiki,Region
Q88137634,13206874,Pandémie de Covid-19 en Papouasie-Nouvelle-Guinée,frwiki,Region
Q87250695,13202779,Pandémie de Covid-19 en Pologne,frwiki,Region
Q87742085,13478455,Pandémie de Covid-19 en République centrafricaine,frwiki,Region
Q87706558,13200254,Pandémie de Covid-19 en république démocratique du Congo,frwiki,Region
Q87563855,13297756,Pandémie de Covid-19 en République dominicaine,frwiki,Region
Q87250752,13197780,Pandémie de Covid-19 en Roumanie,frwiki,Region
Q84098939,13191780,Pandémie de Covid-19 en Russie,frwiki,Region
Q87193778,13440244,Pandémie de Covid-19 en Serbie,frwiki,Region
Q87200954,13263736,Pandémie de Covid-19 en Slovaquie,frwiki,Region
Q84081576,13197204,Pandémie de Covid-19 en Suède,frwiki,Region
Q86717788,13157655,Pandémie de Covid-19 en Suisse,frwiki,Region
Q86919406,13185035,Pandémie de Covid-19 en Tchéquie,frwiki,Region
Q83873566,13218505,Pandémie de Covid-19 en Thaïlande,frwiki,Region
Q87343682,13185362,Pandémie de Covid-19 en Tunisie,frwiki,Region
Q87473205,13201368,Pandémie de Covid-19 en Turquie,frwiki,Region
Q87235177,13210875,Pandémie de Covid-19 en Ukraine,frwiki,Region
Q83741704,13188420,Pandémie de Covid-19 par pays et territoire,frwiki,Others
Q483027,172498,Paolo Maldini,frwiki,Human
Q3362788,748994,Pape Diouf (football),frwiki,Human
Q19924337,9120212,Patrice Cellario,frwiki,Human
Q3369176,3261796,Patrick Achi,frwiki,Human
Q171530,90197,Patrick Bruel,frwiki,Human
Q6292322,17106,Patrick Chesnais,frwiki,Human
Q28377792,11010206,Patrick Cutrone,frwiki,Human
Q1383590,64519,Patrick Devedjian,frwiki,Human
Q271933,222092,Patrick Ewing,frwiki,Human
Q325363,8707795,Patrick Groetzki,frwiki,Human
Q614675,1714802,Patrick McEnroe,frwiki,Human
Q1363756,1626428,Paul Goma,frwiki,Human
Q49268385,11749369,Pauline Peyraud-Magnin,frwiki,Human
Q166317,6781857,Paulo Dybala,frwiki,Human
Q712430,2811559,Pavel Bém,frwiki,Human
Q205778,2949198,Pavel Pogrebniak,frwiki,Human
Q926984,7529639,Pedro Bordaberry,frwiki,Human
Q16169026,10451821,Pere Aragonès,frwiki,Human
Q2351115,5490681,Pete Kozma,frwiki,Human
Q7173778,8492125,Peter Dutton,frwiki,Human
Q700558,2479550,Peter Madsen (football),frwiki,Human
Q493567,1187023,Peter Piot,frwiki,Human
Q35243613,11037011,Philip Jansen,frwiki,Human
Q3379373,2697471,Philippe Bodson,frwiki,Human
Q16912496,7956388,Philippe Lécrivain,frwiki,Human
Q3380286,5793301,Philippe Malaurie,frwiki,Human
Q964474,346052,Philippe Nahon,frwiki,Human
Q556314,6864612,Philippe Ouédraogo,frwiki,Human
Q3386032,1320399,Pierre Lumbi,frwiki,Human
Q3386401,3097567,Pierre Ménès,frwiki,Human
Q57343,1865676,Pierre Nkurunziza,frwiki,Human
Q160009,445803,Pink (chanteuse),frwiki,Human
Q130853,115236,Plácido Domingo,frwiki,Human
Q1945815,9721045,Quim Torra,frwiki,Human
Q44735540,13192875,Rachel Matthews,frwiki,Human
Q89118435,13222761,Rafael Gómez Nieto,frwiki,Human
Q463557,4726074,Rand Paul,frwiki,Human
Q30349124,10939401,Raphaël Gérard,frwiki,Human
Q89272139,13245777,Reggie Bagala,frwiki,Human
Q20417790,12169509,René Trabelsi,frwiki,Human
Q3427126,667985,Renée Claude,frwiki,Human
Q3430000,3270938,Riad Ismat,frwiki,Human
Q1438821,8332993,Richard Quest,frwiki,Human
Q7333210,13251928,Rifat Chadirji,frwiki,Human
Q234144,573678,Rita Wilson,frwiki,Human
Q16205227,13443390,Ritchie Torres,frwiki,Human
Q3938207,13113426,Robert Beck (pentathlon moderne),frwiki,Human
Q3434789,3067982,Robert Chaudenson,frwiki,Human
Q3436216,1062040,Robert Saint-Cricq,frwiki,Human
Q16105298,13249570,Roger Chappot,frwiki,Human
Q41798703,11165676,Romain Lagarde,frwiki,Human
Q88720923,13214717,Rose Marie Compaoré,frwiki,Human
Q3446792,5287003,Rudy Gobert,frwiki,Human
Q196185,3685976,Russell Westbrook,frwiki,Human
Q201900,435991,Rüştü Reçber,frwiki,Human
Q3470332,5661857,Salvador Pérez,frwiki,Human
Q63242931,12504707,Samuel Dieudonné Ivaha Diboua,frwiki,Human
Q27514682,10184848,Samuel Wembé,frwiki,Human
Q3471309,4301941,Samvel Gasparov,frwiki,Human
Q2745548,2673953,Sandi Patty,frwiki,Human
Q30344568,10893719,Sandrine Mörch,frwiki,Human
Q11703587,11541696,Santiago Abascal,frwiki,Human
Q3572419,9858748,Santiago Lanzuela,frwiki,Human
Q230445,3222790,Sara Bareilles,frwiki,Human
Q3473390,536415,Sarah Maldoror,frwiki,Human
Q82069695,13122219,SARS-CoV-2,frwiki,Others
Q708158,2457599,Scarface (rappeur),frwiki,Human
Q2414784,6583314,Sean Payton,frwiki,Human
Q465470,480462,Sébastien Chabal,frwiki,Human
Q3479546,9679112,Serge Telle,frwiki,Human
Q3956022,13265252,Sergio Bassi,frwiki,Human
Q3479678,3587329,Sergio Onofre Jarpa,frwiki,Human
Q7666107,8559962,Sérgio Sant'Anna,frwiki,Human
Q88332749,13215984,Sérgio Trindade,frwiki,Human
Q380445,1594934,Shahid Afridi,frwiki,Human
Q512592,1848840,Slim Thug,frwiki,Human
Q20962336,9403911,Socrates Brito,frwiki,Human
Q3788185,9496301,Sophie Grégoire,frwiki,Human
Q959755,658803,South by Southwest,frwiki,Others
Q16226957,8078469,Spencer Dinwiddie,frwiki,Human
Q12897461,13225876,Stanislas Ouaro,frwiki,Human
Q509377,11214531,Stefan Thesker,frwiki,Human
Q61161331,13242553,Stephen Schwartz (pathologiste),frwiki,Human
Q3084441,182027,Steve Dalkowski,frwiki,Human
Q728753,117971,Steve DiGiorgio,frwiki,Human
Q7614463,9691073,Steven Avery,frwiki,Human
Q88605041,13225631,Steven Dick,frwiki,Human
Q16736403,11210047,Sturgill Simpson,frwiki,Human
Q211691,5353408,Suk Hyun-jun,frwiki,Human
Q29850769,11670068,Sydney Wiese,frwiki,Human
Q7660402,7116527,Syed Munawar Hasan,frwiki,Human
Q30348935,10935252,Sylvie Charrière,frwiki,Human
Q3507399,6376500,Sylvie Tolmont,frwiki,Human
Q92791254,13300942,Sylvie Vincent,frwiki,Human
Q21063926,10028974,Taurean Prince,frwiki,Human
Q1566335,13221820,Terrence McNally,frwiki,Human
Q86901049,13163102,Test diagnostique du SARS-CoV-2,frwiki,Others
Q50198692,12010465,Thiago Seyboth Wild,frwiki,Human
Q1349233,737810,Thierry Dusautoir,frwiki,Human
Q32291770,13262844,Thomas H. Kunz,frwiki,Human
Q213616,605354,Thomas Kahlenberg,frwiki,Human
Q98485,4949413,Thomas Schäfer,frwiki,Human
Q425154,4491110,Tocilizumab,frwiki,Others
Q2439627,13233206,Tom Dempsey,frwiki,Human
Q2263,19676,Tom Hanks,frwiki,Human
Q7818846,8603376,Tomi Jurić,frwiki,Human
Q2441014,5525031,Tommy Hottovy,frwiki,Human
Q18016093,8305290,Tommy Pham,frwiki,Human
Q1490861,7992839,Tony Boselli,frwiki,Human
Q107249,660040,Tony Shalhoub,frwiki,Human
Q90397081,13335835,TraceTogether,frwiki,Others
Q2486104,6039292,Trey Thompkins,frwiki,Human
Q16929591,10944611,Tyler Glasnow,frwiki,Human
Q88799719,13242665,Usama Riaz,frwiki,Human
Q753852,2774165,USS Theodore Roosevelt (CVN-71),frwiki,Others
Q465989,1711627,Valérie Boyer,frwiki,Human
Q18613182,8529814,Vianney (chanteur),frwiki,Human
Q11954665,13214849,Vicenç Capdevila,frwiki,Human
Q93838244,13326167,Vicente André Gomes,frwiki,Human
Q90424601,13259120,Victor Batista Falla,frwiki,Human
Q973020,1453183,Víctor Víctor,frwiki,Human
Q89090767,13224135,Viktar Dachkievitch,frwiki,Human
Q148225,1820572,Viktor Troicki,frwiki,Human
Q3559604,2490415,Vincent Duluc,frwiki,Human
Q92743,114740,Vint Cerf,frwiki,Human
Q679049,1804869,Vittorio Gregotti,frwiki,Human
Q16672105,13383039,Vladimir Lopoukhine,frwiki,Human
Q1823140,5455657,Von Miller,frwiki,Human
Q343378,1377025,Wallace Roney,frwiki,Human
Q30320385,13243485,Walter Robb,frwiki,Human
Q27733794,10721979,Westside Gunn,frwiki,Human
Q3568303,7206893,Will Smith (baseball),frwiki,Human
Q70278592,13223033,William B. Helmreich,frwiki,Human
Q8009341,13237781,William Frankland,frwiki,Human
Q4468223,7435174,Wu Lei (football),frwiki,Human
Q3570660,1343210,Xavier Dor,frwiki,Human
Q11705387,9318127,Xavier García Albiol,frwiki,Human
Q973064,8250044,Xavier Trias,frwiki,Human
Q2120884,6222549,Yaakov Litzman,frwiki,Human
Q56276347,12203725,YNW Melly,frwiki,Human
Q17306297,8466862,Yoan Moncada,frwiki,Human
Q26505369,10213832,Yves Moraine,frwiki,Human
Q3574072,5888819,Yvon Berland,frwiki,Human
Q9096750,13084764,Zhong Nanshan,frwiki,Human
Q88394294,13242636,Zororo Makamba,frwiki,Human
