QID,page id,item,wiki db,category
Q63676927,60405041,2019–20 Liiga season,enwiki,Others
Q89277028,63384317,2020 coronavirus pandemic in Kiribati,enwiki,Region
Q89277312,63468018,2020 coronavirus pandemic in Lombardy,enwiki,Region
Q89277298,63365063,2020 coronavirus pandemic in Micronesia,enwiki,Region
Q89277287,63365068,2020 coronavirus pandemic in Palau,enwiki,Region
Q89277147,63365072,2020 coronavirus pandemic in Samoa,enwiki,Region
Q88082727,63406394,"2020 coronavirus pandemic in Selangor, Kuala Lumpur and Putrajaya",enwiki,Region
Q89277304,63397751,2020 coronavirus pandemic in Tonga,enwiki,Region
Q89277011,63384254,2020 coronavirus pandemic in Tuvalu,enwiki,Region
Q89277286,63397743,2020 coronavirus pandemic in Vanuatu,enwiki,Region
Q89277314,63468026,2020 coronavirus pandemic in Veneto,enwiki,Region
Q87656001,63365078,2020 coronavirus pandemic in Wallis and Futuna,enwiki,Region
Q87629158,63358914,2020 stock market crash,enwiki,Others
Q85845210,63168982,2020 Súper Liga Americana de Rugby season,enwiki,Others
Q2818923,47150331,A. J. Pollock,enwiki,Human
Q90565214,63569951,Aarogya Setu,enwiki,Others
Q303293,26307422,Aarón Padilla Gutiérrez,enwiki,Human
Q4662382,10375935,Aaron Rubashkin,enwiki,Human
Q321770,21623179,Aaron Tveit,enwiki,Human
Q21002307,47665540,Abba Kyari,enwiki,Human
Q2821074,36169336,Abdelkader Aamara,enwiki,Human
Q187058,615942,Abhishek Bachchan,enwiki,Human
Q4667894,31614414,Abiola Ajimobi,enwiki,Human
Q4669126,10460442,Abraham Palatnik,enwiki,Human
Q87990699,63436393,Acacia Bandubola Mbongo,enwiki,Human
Q3355833,8504097,Adam Alsing,enwiki,Human
Q9139694,46737903,Adam Jarubas,enwiki,Human
Q2824007,1493272,Adam Schlesinger,enwiki,Human
Q5658653,40421163,Adán Augusto López Hernández,enwiki,Human
Q62072676,59774328,Adebayo Osinowo,enwiki,Human
Q27022448,52540050,Adlin Mair-Clarke,enwiki,Human
Q17032692,63855798,África Lorente Castillo,enwiki,Human
Q96169315,64217179,Afwerki Abraha,enwiki,Human
Q5660517,64546070,Agustín Alezzo,enwiki,Human
Q5955088,53603942,Ahmad Salek,enwiki,Human
Q401433,38074280,Ahmed Radhi,enwiki,Human
Q88181154,63441101,Aileen Baviera,enwiki,Human
Q47059,11983273,Aishwarya Rai Bachchan,enwiki,Human
Q58175439,58944811,Ajay Kumar Tripathi,enwiki,Human
Q4588104,12105866,Akinoshima Katsumi,enwiki,Human
Q4704128,38472971,Al Jawhara bint Ibrahim Al Ibrahim,enwiki,Human
Q29462882,53672019,Alan Abel (musician),enwiki,Human
Q88788580,63489217,Alan Finder,enwiki,Human
Q2918270,1359299,Alan Merrill,enwiki,Human
Q94070745,63930492,Alan Ortiz,enwiki,Human
Q3910,235952,"Albert II, Prince of Monaco",enwiki,Human
Q17266671,60905592,Alberto Cirio,enwiki,Human
Q371652,8712400,Albin Ekdal,enwiki,Human
Q4713827,3928597,Aldir Blanc,enwiki,Human
Q549752,63665999,Aldo di Cillo Pagotto,enwiki,Human
Q11074974,38676276,Aleksandar Vulin,enwiki,Human
Q4716347,36079476,Alessandro Favalli,enwiki,Human
Q16525220,55516573,Alessandro Tambellini,enwiki,Human
Q4717362,37599797,Alex Len,enwiki,Human
Q71763,1806864,Alexander Graf Lambsdorff,enwiki,Human
Q4720226,319085,"Alexander Thynn, 7th Marquess of Bath",enwiki,Human
Q79305395,62632873,Alexander Tschugguel,enwiki,Human
Q4128446,5777327,Alexander Vustin,enwiki,Human
Q4722019,12169982,Alfonso Cortina,enwiki,Human
Q97321345,64538591,Alfred Mtsi,enwiki,Human
Q4724563,32475294,Ali Aghazadeh Dafsari,enwiki,Human
Q439354,1398747,Ali Akbar Velayati,enwiki,Human
Q36338926,54878628,Ali Asghar Mounesan,enwiki,Human
Q96252244,64264530,Ali Hadi,enwiki,Human
Q336363,531848,Ali Larijani,enwiki,Human
Q1764061,7127698,Ali Wentworth,enwiki,Human
Q92901064,63834751,Allah Yar Ansari,enwiki,Human
Q4730611,37672907,Allan Fung,enwiki,Human
Q720068,5960816,Allen Daviau,enwiki,Human
Q932204,2653225,Allen Garfield,enwiki,Human
Q4734737,19360289,Alp Ikizler,enwiki,Human
Q25115075,63451555,Alpha Barry,enwiki,Human
Q4738985,21506269,Amabie,enwiki,Others
Q9570,1828,Amitabh Bachchan,enwiki,Human
Q16300525,55704003,Ana García Carías,enwiki,Human
Q433215,41578548,Ana Pastor (politician),enwiki,Human
Q39058126,54878164,Anand Mohan Zutshi Gulzar Dehlvi,enwiki,Human
Q517765,20438247,André Chassaigne,enwiki,Human
Q16263095,63666807,André Manaranche,enwiki,Human
Q42402,451281,Andrea Bocelli,enwiki,Human
Q64152252,60896095,Andrew Bragg,enwiki,Human
Q4757445,32342324,Andrew Jack (dialect coach),enwiki,Human
Q58333769,58994116,Andrew Robert Young,enwiki,Human
Q24005266,49526569,Andrew Watt (record producer),enwiki,Human
Q2014922,13438247,Andy Cohen,enwiki,Human
Q97495832,64591013,Angela von Nowakonski,enwiki,Human
Q88010887,63364419,Angelika Kausche,enwiki,Human
Q20971281,54169042,Angelo De Donatis,enwiki,Human
Q536199,63481570,Angelo Moreschi,enwiki,Human
Q88963159,63512372,Angelo Rottoli,enwiki,Human
Q89499451,63683798,Anick Jesdanun,enwiki,Human
Q4765474,31959808,Anisuzzaman,enwiki,Human
Q27662830,51956046,Ann Katharine Mitchell,enwiki,Human
Q90479494,63652039,Ann Sullivan (animator),enwiki,Human
Q16526911,60255860,Anna Ascani,enwiki,Human
Q94043719,63943836,Anna Mohr,enwiki,Human
Q3374,859255,Anne-Sophie Mutter,enwiki,Human
Q4769295,2280561,Annie Glenn,enwiki,Human
Q16093542,11115141,Anthony Bailey (author),enwiki,Human
Q573246,1227250,Anthony Fauci,enwiki,Human
Q2854096,63585489,Antoine Joly,enwiki,Human
Q89697563,63600935,Anton Sebastianpillai,enwiki,Human
Q19968713,46314442,Antonino La Gumina,enwiki,Human
Q8201895,63744509,Antonio Álvarez Solís,enwiki,Human
Q9621049,64472573,Antônio Bivar,enwiki,Human
Q4776555,7355698,Antonio Cuenco,enwiki,Human
Q70211671,62016380,Antonio Gandy-Golden,enwiki,Human
Q16485758,55788317,Antonio González Pacheco,enwiki,Human
Q88094808,63450837,Antonio Michele Stanca,enwiki,Human
Q51841506,57108286,Antonio Neri (businessman),enwiki,Human
Q93431342,64336123,Antonio Rodríguez de las Heras,enwiki,Human
Q74579110,63371168,Antonio Salvá,enwiki,Human
Q609891,11299235,Antti Törmänen,enwiki,Human
Q49561853,56636322,Anwarul Kabir Talukdar,enwiki,Human
Q69023235,64511500,Apoorva Mandavilli,enwiki,Human
Q89250938,64591031,April Dunn,enwiki,Human
Q28485065,63789848,Aptripel Tumimomor,enwiki,Human
Q12383193,64263970,Araceli Herrero Figueroa,enwiki,Human
Q62515963,60340754,Arielle Charnas,enwiki,Human
Q4792170,9468222,Arlene Saunders,enwiki,Human
Q89477590,63571306,Arlene Stringer-Cuevas,enwiki,Human
Q4795016,29643382,Arnold Demain,enwiki,Human
Q2863379,17597446,Arnold Sowinski,enwiki,Human
Q1133513,22003289,Aroldis Chapman,enwiki,Human
Q16647536,63577757,Arthur Whistler,enwiki,Human
Q20562252,57378798,Artuss Kaimiņš,enwiki,Human
Q47011474,63909758,Asdrubal Bentes,enwiki,Human
Q11569769,48147526,Atsushi Kataoka,enwiki,Human
Q2871670,47041329,Augustin de Romanet de Beaune,enwiki,Human
Q9637698,58952023,Augusto Heleno,enwiki,Human
Q13080157,58785922,Aung La Nsang,enwiki,Human
Q2871915,63425980,Aurlus Mabélé,enwiki,Human
Q16236903,39411833,Austin Meadows,enwiki,Human
Q20090644,46954123,Auston Matthews,enwiki,Human
Q4669133,19350803,Avrohom Pinter,enwiki,Human
Q43602682,64073975,Awang Bulgiba Awang Mahmud,enwiki,Human
Q18685824,44286577,Ayatullah Durrani,enwiki,Human
Q6089269,39863838,Aytaç Yalman,enwiki,Human
Q4832169,3594993,Azam Khan (squash player),enwiki,Human
Q344983,495150,Babyface (musician),enwiki,Human
Q13058789,14109814,Badar Uddin Ahmed Kamran,enwiki,Human
Q4841138,34429605,Badruddin Shaikh,enwiki,Human
Q4849691,26968464,Bala Mohammed,enwiki,Human
Q90419878,63648055,Baldiri Alavedra,enwiki,Human
Q3325889,41123096,Barcelona International Comic Fair,enwiki,Others
Q2701515,50365569,Bart Tommelein,enwiki,Human
Q466012,29293811,Bartosz Bereszyński,enwiki,Human
Q90412083,63663755,Bas Mulder,enwiki,Human
Q81764994,63362439,Beatriz Jiménez Linuesa,enwiki,Human
Q91621670,63769401,Belco Bah,enwiki,Human
Q4886138,26363013,Ben McAdams,enwiki,Human
Q3390432,63455321,Benito Joanet,enwiki,Human
Q91428965,63725756,Benjamin Levin (partisan),enwiki,Human
Q18057030,43835769,Bennie G. Adkins,enwiki,Human
Q59308525,62813169,Bento Costa Lima,enwiki,Human
Q2640998,3785334,Berel Lazar,enwiki,Human
Q2898818,39892681,Bernard de La Villardière,enwiki,Human
Q89358641,63568182,Bernard Epin,enwiki,Human
Q48315912,63669103,Bernard Stalter,enwiki,Human
Q89251950,63543377,Bernardita Catalla,enwiki,Human
Q56678261,58521501,Bernie Juskiewicz,enwiki,Human
Q91437271,63732971,Beryl Bernay,enwiki,Human
Q4100792,2130532,Bhakti Charu Swami,enwiki,Human
Q66091715,61426216,Bhasha Mukherjee,enwiki,Human
Q4910396,422806,Bill Olner,enwiki,Human
Q4468157,40849320,Billie Lee Turner (botanist),enwiki,Human
Q1921,7145492,Blaise Matuidi,enwiki,Human
Q89271759,63562172,Bob Glanzer,enwiki,Human
Q2268878,5410703,Bob Lazier,enwiki,Human
Q843822,21462942,Boglárka Kapás,enwiki,Human
Q983324,572460,Bongbong Marcos,enwiki,Human
Q893179,1859225,Bootsie Barnes,enwiki,Human
Q125663,408944,Boris Akunin,enwiki,Human
Q180589,19065069,Boris Johnson,enwiki,Human
Q14905846,40480109,Borna Ćorić,enwiki,Human
Q95701122,63930102,Brahm Kanchibhotla,enwiki,Human
Q16727424,39801397,Brandon Beach,enwiki,Human
Q28911753,53399130,Branislav Blažić,enwiki,Human
Q89197302,63549863,Brett Crozier,enwiki,Human
Q382700,7528141,Brett Dean,enwiki,Human
Q55605910,57266563,Brian Allen (offensive lineman),enwiki,Human
Q28122480,52772164,Brian Arrowsmith,enwiki,Human
Q36514477,63913834,Brian Axsmith,enwiki,Human
Q56862871,63620469,Brian Crowe,enwiki,Human
Q28325272,52868742,Brian Miller (New York politician),enwiki,Human
Q3644511,1270302,Brian Stokes Mitchell,enwiki,Human
Q4974402,31810774,Brooke Baldwin,enwiki,Human
Q87914789,63361768,Bruce Aylward,enwiki,Human
Q2926450,63670528,Bruce Myers (actor),enwiki,Human
Q16886106,41574735,Bruce Thompson (Georgia politician),enwiki,Human
Q30333326,54336907,Brune Poirson,enwiki,Human
Q1000366,11185023,Bucky Pizzarelli,enwiki,Human
Q19663167,45656255,Buddy Hield,enwiki,Human
Q28723650,59044948,Budi Karya Sumadi,enwiki,Human
Q91962972,63771276,Burton Rose,enwiki,Human
Q21683921,50407959,Caleb Jones (ice hockey),enwiki,Human
Q42396622,56241325,Callum Hudson-Odoi,enwiki,Human
Q88382284,63521117,Calogero Rizzuto (architect),enwiki,Human
Q30313806,54322278,Cameron Champ,enwiki,Human
Q318410,19588349,Cameron van der Burgh,enwiki,Human
Q94982501,63627364,Canberra Coronavirus Field Hospital,enwiki,Others
Q17302076,56754365,Cap Roig Festival,enwiki,Others
Q88815228,63439802,CARES Act,enwiki,Others
Q47528906,56467610,Carl Tighe,enwiki,Human
Q13787544,39944563,Carlos Carrizosa Torres,enwiki,Human
Q27664982,63429706,"Carlos Falcó, 5th Marquess of Griñón",enwiki,Human
Q89445395,63782278,Carlos González-Artigas,enwiki,Human
Q9697147,63926748,Carlos José,enwiki,Human
Q74579116,63359612,Carlos José Zambrano García-Raez,enwiki,Human
Q1789955,64235218,Carlos Lessa,enwiki,Human
Q3753357,63644119,Carlos Seco Serrano,enwiki,Human
Q2614472,6961742,Carmen Calvo,enwiki,Human
Q12385390,63358833,Carmen Leyte,enwiki,Human
Q35281,4719370,Carnival of Basel,enwiki,Others
Q35191,3645626,Carnival of Venice,enwiki,Others
Q91964956,63772042,Carole Brookins,enwiki,Human
Q30341815,54376276,Carole Bureau-Bonnard,enwiki,Human
Q5753193,55833132,Carolina Darias,enwiki,Human
Q64732854,56132717,Carrie Symonds,enwiki,Human
Q96056565,64184665,Celine Fariala Mangaza,enwiki,Human
Q9200218,64116819,Célio Taveira,enwiki,Human
Q983320,2211168,Cesar Virata,enwiki,Human
Q91840218,63761606,Ceybil Jefferies,enwiki,Human
Q20875705,57651622,Chakir El Homrani,enwiki,Human
Q2961093,30066922,Charlélie Couture,enwiki,Human
Q5075443,4936466,Charles Barron,enwiki,Human
Q69908032,61988948,Charles Bukeko,enwiki,Human
Q43274,125248,"Charles, Prince of Wales",enwiki,Human
Q2960824,32002168,Charlie Blackmon,enwiki,Human
Q89768813,41658835,Charlotte Figi,enwiki,Human
Q55030082,57692048,Charlotte Lawrence,enwiki,Human
Q88960423,63511827,Chato Galante,enwiki,Human
Q65428531,63876379,Chavalit Soemprungsuk,enwiki,Human
Q5112179,2335095,Chris Cuomo,enwiki,Human
Q2964883,1693150,Chris Trousdale,enwiki,Human
Q56450896,60983932,Chris Whitty,enwiki,Human
Q749029,3370504,Christian Estrosi,enwiki,Human
Q707984,3027918,Christian Jacob (politician),enwiki,Human
Q20639748,46502964,Christian Wood,enwiki,Human
Q1086279,41482511,Christophe (singer),enwiki,Human
Q445438,163479,Christopher Cross,enwiki,Human
Q1981289,12837648,Christopher de Leon,enwiki,Human
Q456623,1544206,Chuck Billy (vocalist),enwiki,Human
Q5121945,12141190,Ciro Pessoa,enwiki,Human
Q2682651,28651304,Claes Borgström,enwiki,Human
Q88860637,63548286,Clap for Our Carers,enwiki,Others
Q5126622,16084447,Clarence Nishihara,enwiki,Human
Q18016181,32982965,Claude Beauchamp,enwiki,Human
Q2977352,63751933,Claude Evrard,enwiki,Human
Q2746785,20473239,Claude Goasguen,enwiki,Human
Q91167491,63709437,Claude Lafortune,enwiki,Human
Q77421,35864000,Clemens Pickel,enwiki,Human
Q48387785,56554006,Clinton Calabrese,enwiki,Human
Q706818,1924626,Clive Allen,enwiki,Human
Q20090484,46971499,Colton Underwood,enwiki,Human
Q21008765,47664623,Conor McKenna,enwiki,Human
Q5171422,33119810,Cornelius Mwalwanda,enwiki,Human
Q94320705,64464461,Corona-Warn-App,enwiki,Others
Q90400098,63611718,Coronavirus Australia,enwiki,Others
Q18975243,62883290,Coronavirus disease,enwiki,Others
Q84263196,64458305,Coronavirus disease 2019,enwiki,Bio-Med
Q88199660,63431821,Coronavirus Tech Handbook,enwiki,Others
Q5172694,33678214,Corra Dirksen,enwiki,Human
Q90146873,63664624,COVID-19 Case-Cluster-Study,enwiki,Others
Q88459495,63435931,COVID-19 drug development,enwiki,Others
Q88202504,63430824,COVID-19 drug repurposing research,enwiki,Others
Q88058672,63415676,COVID-19 in pregnancy,enwiki,Others
Q81068910,63356186,COVID-19 pandemic,enwiki,Bio-Med
Q83741704,64407213,COVID-19 pandemic by country and territory,enwiki,Others
Q85173855,63039926,COVID-19 pandemic cases,enwiki,Region
Q90137185,63562819,COVID-19 pandemic in Abkhazia,enwiki,Region
Q87768605,63337896,COVID-19 pandemic in Afghanistan,enwiki,Region
Q86694873,63289321,COVID-19 pandemic in Africa,enwiki,Region
Q88082409,63415229,COVID-19 pandemic in Akrotiri and Dhekelia,enwiki,Region
Q87746397,63363239,COVID-19 pandemic in Alaska,enwiki,Region
Q87450756,63322537,COVID-19 pandemic in Albania,enwiki,Region
Q87901408,63405049,COVID-19 pandemic in Alberta,enwiki,Region
Q87202921,63289309,COVID-19 pandemic in Algeria,enwiki,Region
Q87715843,63262762,COVID-19 pandemic in Andorra,enwiki,Region
Q88082534,63366017,COVID-19 pandemic in Angola,enwiki,Region
Q88870152,63489750,COVID-19 pandemic in Anguilla,enwiki,Region
Q89453779,63556332,COVID-19 pandemic in Antarctica,enwiki,Region
Q87708331,63364321,COVID-19 pandemic in Antigua and Barbuda,enwiki,Region
Q87235137,63274628,COVID-19 pandemic in Argentina,enwiki,Region
Q87746028,63363245,COVID-19 pandemic in Arizona,enwiki,Region
Q87745216,63363247,COVID-19 pandemic in Arkansas,enwiki,Region
Q87648634,63327574,COVID-19 pandemic in Armenia,enwiki,Region
Q87708719,63367189,COVID-19 pandemic in Aruba,enwiki,Region
Q86521237,63183247,COVID-19 pandemic in Asia,enwiki,Region
Q89272464,63452319,COVID-19 pandemic in Assam,enwiki,Region
Q87468681,63507889,COVID-19 pandemic in Asturias,enwiki,Region
Q83873548,63217081,COVID-19 pandemic in Australia,enwiki,Region
Q86847911,63244299,COVID-19 pandemic in Austria,enwiki,Region
Q87722485,63327604,COVID-19 pandemic in Azerbaijan,enwiki,Region
Q87070999,63260687,COVID-19 pandemic in Bahrain,enwiki,Region
Q87540454,63346307,COVID-19 pandemic in Bangladesh,enwiki,Region
Q87902902,63400209,COVID-19 pandemic in Barbados,enwiki,Region
Q87151231,64290036,COVID-19 pandemic in Beijing,enwiki,Region
Q87250788,63276898,COVID-19 pandemic in Belarus,enwiki,Region
Q84446340,63262573,COVID-19 pandemic in Belgium,enwiki,Region
Q88561418,63370797,COVID-19 pandemic in Belize,enwiki,Region
Q87781572,63366018,COVID-19 pandemic in Benin,enwiki,Region
Q88082556,63415159,COVID-19 pandemic in Bermuda,enwiki,Region
Q87715166,63354230,COVID-19 pandemic in Bhutan,enwiki,Region
Q87480220,63341833,COVID-19 pandemic in Bolivia,enwiki,Region
Q89288702,63681093,COVID-19 pandemic in Bonaire,enwiki,Region
Q87250770,63273458,COVID-19 pandemic in Bosnia and Herzegovina,enwiki,Region
Q93393347,63496081,COVID-19 pandemic in Boston,enwiki,Region
Q89164046,63366020,COVID-19 pandemic in Botswana,enwiki,Region
Q86597695,63228857,COVID-19 pandemic in Brazil,enwiki,Region
Q88082587,63366184,COVID-19 pandemic in British Columbia,enwiki,Region
Q87412028,63327841,COVID-19 pandemic in Brunei,enwiki,Region
Q87486535,63315611,COVID-19 pandemic in Bulgaria,enwiki,Region
Q87665364,63354091,COVID-19 pandemic in Burkina Faso,enwiki,Region
Q89193856,63366021,COVID-19 pandemic in Burundi,enwiki,Region
Q87455852,63301761,COVID-19 pandemic in California,enwiki,Region
Q83888864,63337092,COVID-19 pandemic in Cambodia,enwiki,Region
Q87250930,63299729,COVID-19 pandemic in Cameroon,enwiki,Region
Q83873580,63402565,COVID-19 pandemic in Canada,enwiki,Region
Q88082639,63366022,COVID-19 pandemic in Cape Verde,enwiki,Region
Q89591590,63364966,COVID-19 pandemic in Ceuta,enwiki,Region
Q88082670,63366745,COVID-19 pandemic in Chad,enwiki,Region
Q87191204,63275617,COVID-19 pandemic in Chile,enwiki,Region
Q87483673,63304474,COVID-19 pandemic in Colombia,enwiki,Region
Q87742736,63360184,COVID-19 pandemic in Colorado,enwiki,Region
Q89501372,63495566,"COVID-19 pandemic in Columbus, Ohio",enwiki,Region
Q87743879,63363248,COVID-19 pandemic in Connecticut,enwiki,Region
Q87477462,63336450,COVID-19 pandemic in Costa Rica,enwiki,Region
Q88783049,63560788,COVID-19 pandemic in Crimea,enwiki,Region
Q87250732,63255772,COVID-19 pandemic in Croatia,enwiki,Region
Q87590993,63352464,COVID-19 pandemic in Cuba,enwiki,Region
Q87709760,63366958,COVID-19 pandemic in Curaçao,enwiki,Region
Q87580938,63327327,COVID-19 pandemic in Cyprus,enwiki,Region
Q93402232,64181376,COVID-19 pandemic in Dadra and Nagar Haveli and Daman and Diu,enwiki,Region
Q87742745,63363252,COVID-19 pandemic in Delaware,enwiki,Region
Q87821864,63420135,COVID-19 pandemic in Delhi,enwiki,Region
Q86597685,63262527,COVID-19 pandemic in Denmark,enwiki,Region
Q87899022,63364935,COVID-19 pandemic in Djibouti,enwiki,Region
Q88356648,63397909,COVID-19 pandemic in Dominica,enwiki,Region
Q87836826,63397600,COVID-19 pandemic in East Timor,enwiki,Region
Q89923910,63609435,COVID-19 pandemic in Easter Island,enwiki,Region
Q87250713,63247062,COVID-19 pandemic in Ecuador,enwiki,Region
Q87116829,63285738,COVID-19 pandemic in Egypt,enwiki,Region
Q87936974,63378621,COVID-19 pandemic in El Salvador,enwiki,Region
Q87743855,63494499,COVID-19 pandemic in England,enwiki,Region
Q87742064,63366035,COVID-19 pandemic in Equatorial Guinea,enwiki,Region
Q88371105,63366052,COVID-19 pandemic in Eritrea,enwiki,Region
Q87204911,63277990,COVID-19 pandemic in Estonia,enwiki,Region
Q87709973,63366054,COVID-19 pandemic in Eswatini,enwiki,Region
Q87665038,63362621,COVID-19 pandemic in Ethiopia,enwiki,Region
Q86458103,63181042,COVID-19 pandemic in Europe,enwiki,Region
Q87975745,63384292,COVID-19 pandemic in Fiji,enwiki,Region
Q84055415,63254676,COVID-19 pandemic in Finland,enwiki,Region
Q87742103,63360311,COVID-19 pandemic in Florida,enwiki,Region
Q83873593,63402583,COVID-19 pandemic in France,enwiki,Region
Q87144458,63369738,COVID-19 pandemic in French Guiana,enwiki,Region
Q87144431,63369816,COVID-19 pandemic in French Saint Martin,enwiki,Region
Q87666042,63362222,COVID-19 pandemic in Gabon,enwiki,Region
Q87250913,63293886,COVID-19 pandemic in Georgia (country),enwiki,Region
Q87742107,63363256,COVID-19 pandemic in Georgia (U.S. state),enwiki,Region
Q83889294,63216845,COVID-19 pandemic in Germany,enwiki,Region
Q87666247,63362023,COVID-19 pandemic in Ghana,enwiki,Region
Q87740086,63362371,COVID-19 pandemic in Gibraltar,enwiki,Region
Q88672484,63482224,COVID-19 pandemic in Goa,enwiki,Region
Q87068864,63215769,COVID-19 pandemic in Greece,enwiki,Region
Q87785296,63364916,COVID-19 pandemic in Greenland,enwiki,Region
Q88713785,63397934,COVID-19 pandemic in Grenada,enwiki,Region
Q87144389,63369817,COVID-19 pandemic in Guadeloupe,enwiki,Region
Q87769115,63380476,COVID-19 pandemic in Guam,enwiki,Region
Q87669612,63365851,COVID-19 pandemic in Guatemala,enwiki,Region
Q87739744,63329395,COVID-19 pandemic in Guernsey,enwiki,Region
Q87651970,63364099,COVID-19 pandemic in Guinea,enwiki,Region
Q88617000,63366059,COVID-19 pandemic in Guinea-Bissau,enwiki,Region
Q88097247,63441223,COVID-19 pandemic in Gujarat,enwiki,Region
Q87659698,63353421,COVID-19 pandemic in Guyana,enwiki,Region
Q88082693,63370785,COVID-19 pandemic in Haiti,enwiki,Region
Q87746177,63363258,COVID-19 pandemic in Hawaii,enwiki,Region
Q92158256,63783252,COVID-19 pandemic in Heilongjiang,enwiki,Region
Q87759070,63387372,COVID-19 pandemic in Henan,enwiki,Region
Q87589392,63351709,COVID-19 pandemic in Honduras,enwiki,Region
Q84146057,63178596,COVID-19 pandemic in Hong Kong,enwiki,Region
Q87402404,63325727,COVID-19 pandemic in Hubei,enwiki,Region
Q87119811,63283461,COVID-19 pandemic in Hungary,enwiki,Region
Q87121993,63272036,COVID-19 pandemic in Iceland,enwiki,Region
Q87742748,63363261,COVID-19 pandemic in Illinois,enwiki,Region
Q84055514,63265538,COVID-19 pandemic in India,enwiki,Region
Q87743899,63363263,COVID-19 pandemic in Indiana,enwiki,Region
Q86913546,63261355,COVID-19 pandemic in Indonesia,enwiki,Region
Q91754630,63755318,COVID-19 pandemic in Inner Mongolia,enwiki,Region
Q87743905,63363266,COVID-19 pandemic in Iowa,enwiki,Region
Q85876114,63175924,COVID-19 pandemic in Iran,enwiki,Region
Q86733728,63272131,COVID-19 pandemic in Iraq,enwiki,Region
Q87070975,63272141,COVID-19 pandemic in Israel,enwiki,Region
Q84104992,63402505,COVID-19 pandemic in Italy,enwiki,Region
Q87704267,63354087,COVID-19 pandemic in Ivory Coast,enwiki,Region
Q83872291,63170193,COVID-19 pandemic in Japan,enwiki,Region
Q87740092,63344613,COVID-19 pandemic in Jersey,enwiki,Region
Q87589148,63354227,COVID-19 pandemic in Jordan,enwiki,Region
Q87742750,63363268,COVID-19 pandemic in Kansas,enwiki,Region
Q87763738,63370168,COVID-19 pandemic in Karnataka,enwiki,Region
Q87651995,63362272,COVID-19 pandemic in Kazakhstan,enwiki,Region
Q87745981,63363269,COVID-19 pandemic in Kentucky,enwiki,Region
Q87705884,63362010,COVID-19 pandemic in Kenya,enwiki,Region
Q87429464,63326164,COVID-19 pandemic in Kerala,enwiki,Region
Q87655119,63364122,COVID-19 pandemic in Kosovo,enwiki,Region
Q87250691,63243000,COVID-19 pandemic in Kuwait,enwiki,Region
Q87902950,63366724,COVID-19 pandemic in Kyrgyzstan,enwiki,Region
Q88521330,63366743,COVID-19 pandemic in Laos,enwiki,Region
Q87066621,63281706,COVID-19 pandemic in Latvia,enwiki,Region
Q87245450,63272144,COVID-19 pandemic in Lebanon,enwiki,Region
Q91024607,63858236,COVID-19 pandemic in Lesotho,enwiki,Region
Q87766242,63366066,COVID-19 pandemic in Liberia,enwiki,Region
Q88568089,63364860,COVID-19 pandemic in Libya,enwiki,Region
Q87250819,63281785,COVID-19 pandemic in Liechtenstein,enwiki,Region
Q87250838,63281815,COVID-19 pandemic in Lithuania,enwiki,Region
Q87910176,63407428,COVID-19 pandemic in London,enwiki,Region
Q87742116,63363271,COVID-19 pandemic in Louisiana,enwiki,Region
Q87250860,63281894,COVID-19 pandemic in Luxembourg,enwiki,Region
Q85872060,63178675,COVID-19 pandemic in Macau,enwiki,Region
Q88225303,63687498,COVID-19 pandemic in Madagascar,enwiki,Region
Q88146137,63441236,COVID-19 pandemic in Madhya Pradesh,enwiki,Region
Q87805340,63388600,COVID-19 pandemic in Maharashtra,enwiki,Region
Q83872271,63004998,COVID-19 pandemic in mainland China,enwiki,Region
Q89285378,63364925,COVID-19 pandemic in Malawi,enwiki,Region
Q83873556,63136199,COVID-19 pandemic in Malaysia,enwiki,Region
Q88556836,63364910,COVID-19 pandemic in Mali,enwiki,Region
Q87587760,63316213,COVID-19 pandemic in Malta,enwiki,Region
Q88973921,63391492,COVID-19 pandemic in Manitoba,enwiki,Region
Q87161441,63369765,COVID-19 pandemic in Martinique,enwiki,Region
Q87742118,63359362,COVID-19 pandemic in Maryland,enwiki,Region
Q87599914,63341765,COVID-19 pandemic in Massachusetts,enwiki,Region
Q87709900,63366069,COVID-19 pandemic in Mauritania,enwiki,Region
Q87979033,63366070,COVID-19 pandemic in Mauritius,enwiki,Region
Q87162202,63370836,COVID-19 pandemic in Mayotte,enwiki,Region
Q89592594,63364968,COVID-19 pandemic in Melilla,enwiki,Region
Q88082758,63355840,COVID-19 pandemic in Metro Manila,enwiki,Region
Q86628344,63260725,COVID-19 pandemic in Mexico,enwiki,Region
Q87742754,63363276,COVID-19 pandemic in Michigan,enwiki,Region
Q87742718,63382036,COVID-19 pandemic in Minnesota,enwiki,Region
Q87592982,63313047,COVID-19 pandemic in Moldova,enwiki,Region
Q87250877,63281920,COVID-19 pandemic in Monaco,enwiki,Region
Q87708832,63332056,COVID-19 pandemic in Mongolia,enwiki,Region
Q87887813,63348169,COVID-19 pandemic in Montenegro,enwiki,Region
Q91618785,63735410,COVID-19 pandemic in Montreal,enwiki,Region
Q87058723,63300912,COVID-19 pandemic in Morocco,enwiki,Region
Q88335426,63366071,COVID-19 pandemic in Mozambique,enwiki,Region
Q88460663,63366736,COVID-19 pandemic in Myanmar,enwiki,Region
Q95577368,63956676,COVID-19 pandemic in Nagaland,enwiki,Region
Q87729501,63365017,COVID-19 pandemic in Namibia,enwiki,Region
Q87745208,63852103,COVID-19 pandemic in Nebraska,enwiki,Region
Q83873573,63344447,COVID-19 pandemic in Nepal,enwiki,Region
Q88082786,63405840,COVID-19 pandemic in New Brunswick,enwiki,Region
Q87648388,63408028,COVID-19 pandemic in New Caledonia,enwiki,Region
Q87746132,63363295,COVID-19 pandemic in New Hampshire,enwiki,Region
Q87663590,63363298,COVID-19 pandemic in New Jersey,enwiki,Region
Q87746018,63363299,COVID-19 pandemic in New Mexico,enwiki,Region
Q87414741,63301932,COVID-19 pandemic in New York (state),enwiki,Region
Q88641716,63394698,COVID-19 pandemic in New York City,enwiki,Region
Q87250803,63277599,COVID-19 pandemic in New Zealand,enwiki,Region
Q89276965,63366193,COVID-19 pandemic in Newfoundland and Labrador,enwiki,Region
Q87976701,63378627,COVID-19 pandemic in Nicaragua,enwiki,Region
Q88082809,63364964,COVID-19 pandemic in Niger,enwiki,Region
Q87718451,63335287,COVID-19 pandemic in Nigeria,enwiki,Region
Q86695115,63222928,COVID-19 pandemic in North America,enwiki,Region
Q87743878,63363304,COVID-19 pandemic in North Carolina,enwiki,Region
Q86675924,63364407,COVID-19 pandemic in North Korea,enwiki,Region
Q87250897,63281933,COVID-19 pandemic in North Macedonia,enwiki,Region
Q87742120,63380462,COVID-19 pandemic in North Rhine-Westphalia,enwiki,Region
Q87743173,63368430,COVID-19 pandemic in Northern Cyprus,enwiki,Region
Q87743871,63431783,COVID-19 pandemic in Northern Ireland,enwiki,Region
Q86886544,63254714,COVID-19 pandemic in Norway,enwiki,Region
Q89277311,63391495,COVID-19 pandemic in Nova Scotia,enwiki,Region
Q89277316,63366215,COVID-19 pandemic in Nunavut,enwiki,Region
Q86694210,63294337,COVID-19 pandemic in Oceania,enwiki,Region
Q87820769,63627376,COVID-19 pandemic in Odisha,enwiki,Region
Q87743873,63363308,COVID-19 pandemic in Ohio,enwiki,Region
Q87746160,63363309,COVID-19 pandemic in Oklahoma,enwiki,Region
Q87454162,63336518,COVID-19 pandemic in Oman,enwiki,Region
Q88082830,63465424,COVID-19 pandemic in Ontario,enwiki,Region
Q87651920,63360630,COVID-19 pandemic in Oregon,enwiki,Region
Q87652000,63280866,COVID-19 pandemic in Pakistan,enwiki,Region
Q87477841,63344583,COVID-19 pandemic in Panama,enwiki,Region
Q88137634,63365028,COVID-19 pandemic in Papua New Guinea,enwiki,Region
Q87589123,63347679,COVID-19 pandemic in Paraguay,enwiki,Region
Q87742125,63363314,COVID-19 pandemic in Pennsylvania,enwiki,Region
Q87587763,63346121,COVID-19 pandemic in Peru,enwiki,Region
Q91243540,63640700,COVID-19 pandemic in Philadelphia,enwiki,Region
Q87250695,63243638,COVID-19 pandemic in Poland,enwiki,Region
Q88484856,63449958,"COVID-19 pandemic in Portland, Oregon",enwiki,Region
Q86948603,63262215,COVID-19 pandemic in Portugal,enwiki,Region
Q89277128,63391504,COVID-19 pandemic in Prince Edward Island,enwiki,Region
Q87660693,63365424,COVID-19 pandemic in Puerto Rico,enwiki,Region
Q87821425,63436230,"COVID-19 pandemic in Punjab, India",enwiki,Region
Q87733671,63336523,COVID-19 pandemic in Qatar,enwiki,Region
Q88024576,63476964,COVID-19 pandemic in Quebec,enwiki,Region
Q87162010,63370770,COVID-19 pandemic in Réunion,enwiki,Region
Q87743890,63363317,COVID-19 pandemic in Rhode Island,enwiki,Region
Q87250752,63272798,COVID-19 pandemic in Romania,enwiki,Region
Q84098939,63263950,COVID-19 pandemic in Russia,enwiki,Region
Q87714704,63366073,COVID-19 pandemic in Rwanda,enwiki,Region
Q88082857,63389195,COVID-19 pandemic in Sabah,enwiki,Region
Q87144476,63369748,COVID-19 pandemic in Saint Barthélemy,enwiki,Region
Q88864139,63480383,COVID-19 pandemic in Saint Kitts and Nevis,enwiki,Region
Q87707727,63368514,COVID-19 pandemic in Saint Lucia,enwiki,Region
Q87656613,63573219,COVID-19 pandemic in Saint Pierre and Miquelon,enwiki,Region
Q87687648,63355934,COVID-19 pandemic in Saint Vincent and the Grenadines,enwiki,Region
Q87123561,63272041,COVID-19 pandemic in San Marino,enwiki,Region
Q89713663,64311999,COVID-19 pandemic in São Paulo (state),enwiki,Region
Q89598747,63370492,COVID-19 pandemic in São Tomé and Príncipe,enwiki,Region
Q88082312,63395521,COVID-19 pandemic in Sarawak,enwiki,Region
Q89277294,63455872,COVID-19 pandemic in Saskatchewan,enwiki,Region
Q87186117,63273278,COVID-19 pandemic in Saudi Arabia,enwiki,Region
Q87743858,63386728,COVID-19 pandemic in Scotland,enwiki,Region
Q87745903,63354085,COVID-19 pandemic in Senegal,enwiki,Region
Q87193778,63299502,COVID-19 pandemic in Serbia,enwiki,Region
Q89398667,63560856,COVID-19 pandemic in Sevastopol,enwiki,Region
Q87729500,63366076,COVID-19 pandemic in Seychelles,enwiki,Region
Q85872031,63368084,COVID-19 pandemic in Shanghai,enwiki,Region
Q87760039,63387588,COVID-19 pandemic in Sichuan,enwiki,Region
Q89127366,63366077,COVID-19 pandemic in Sierra Leone,enwiki,Region
Q95382639,64211172,COVID-19 pandemic in Sikkim,enwiki,Region
Q83873387,63113319,COVID-19 pandemic in Singapore,enwiki,Region
Q89288703,63544882,COVID-19 pandemic in Sint Eustatius,enwiki,Region
Q88082922,63391108,COVID-19 pandemic in Sint Maarten,enwiki,Region
Q87200954,63300608,COVID-19 pandemic in Slovakia,enwiki,Region
Q87250948,63300750,COVID-19 pandemic in Slovenia,enwiki,Region
Q87770645,63364944,COVID-19 pandemic in Somalia,enwiki,Region
Q89413165,63560792,COVID-19 pandemic in Somaliland,enwiki,Region
Q87243915,63300653,COVID-19 pandemic in South Africa,enwiki,Region
Q86694744,63350926,COVID-19 pandemic in South America,enwiki,Region
Q87743900,63363320,COVID-19 pandemic in South Carolina,enwiki,Region
Q83872398,63161776,COVID-19 pandemic in South Korea,enwiki,Region
Q94695013,63887528,COVID-19 pandemic in South Ossetia,enwiki,Region
Q89560617,63366078,COVID-19 pandemic in South Sudan,enwiki,Region
Q84166704,63402552,COVID-19 pandemic in Spain,enwiki,Region
Q83889114,63272917,COVID-19 pandemic in Sri Lanka,enwiki,Region
Q87657486,63364006,COVID-19 pandemic in Sudan,enwiki,Region
Q87664046,63366586,COVID-19 pandemic in Suriname,enwiki,Region
Q84081576,63239190,COVID-19 pandemic in Sweden,enwiki,Region
Q86717788,63402598,COVID-19 pandemic in Switzerland,enwiki,Region
Q87814953,63365006,COVID-19 pandemic in Syria,enwiki,Region
Q84081307,63178636,COVID-19 pandemic in Taiwan,enwiki,Region
Q89990513,63560826,COVID-19 pandemic in Tajikistan,enwiki,Region
Q87821841,63515511,COVID-19 pandemic in Tamil Nadu,enwiki,Region
Q87770827,63366079,COVID-19 pandemic in Tanzania,enwiki,Region
Q87743852,63852324,COVID-19 pandemic in Tennessee,enwiki,Region
Q87742765,63363101,COVID-19 pandemic in Texas,enwiki,Region
Q83873566,63136305,COVID-19 pandemic in Thailand,enwiki,Region
Q88727847,63445821,COVID-19 pandemic in the Åland Islands,enwiki,Region
Q87755488,63370782,COVID-19 pandemic in the Bahamas,enwiki,Region
Q89789550,63455277,COVID-19 pandemic in the British Overseas Territories,enwiki,Region
Q88870583,63480511,COVID-19 pandemic in the British Virgin Islands,enwiki,Region
Q88082622,63392043,COVID-19 pandemic in the Canary Islands,enwiki,Region
Q87730008,63362378,COVID-19 pandemic in the Cayman Islands,enwiki,Region
Q87742085,63366024,COVID-19 pandemic in the Central African Republic,enwiki,Region
Q87655120,63541927,COVID-19 pandemic in the Community of Madrid,enwiki,Region
Q92619508,63538854,COVID-19 pandemic in the Comoros,enwiki,Region
Q86919406,63272856,COVID-19 pandemic in the Czech Republic,enwiki,Region
Q87706558,63354065,COVID-19 pandemic in the Democratic Republic of the Congo,enwiki,Region
Q87563855,63258096,COVID-19 pandemic in the Dominican Republic,enwiki,Region
Q89396048,63560678,COVID-19 pandemic in the Donetsk People's Republic,enwiki,Region
Q89395546,63511253,COVID-19 pandemic in the Falkland Islands,enwiki,Region
Q87906931,63362360,COVID-19 pandemic in the Faroe Islands,enwiki,Region
Q87899016,63366056,COVID-19 pandemic in the Gambia,enwiki,Region
Q89819517,63571861,COVID-19 pandemic in the Guantanamo Bay Naval Base,enwiki,Region
Q88082994,63422845,COVID-19 pandemic in the Isle of Man,enwiki,Region
Q89396061,63560672,COVID-19 pandemic in the Luhansk People's Republic,enwiki,Region
Q87662895,63346138,COVID-19 pandemic in the Maldives,enwiki,Region
Q95714835,63969760,COVID-19 pandemic in the Navajo Nation,enwiki,Region
Q86756826,63244125,COVID-19 pandemic in the Netherlands,enwiki,Region
Q87816426,63394295,COVID-19 pandemic in the Northern Mariana Islands,enwiki,Region
Q88558997,63883227,COVID-19 pandemic in the Northwest Territories,enwiki,Region
Q84055544,63402602,COVID-19 pandemic in the Philippines,enwiki,Region
Q89872880,63599664,COVID-19 pandemic in the Republic of Artsakh,enwiki,Region
Q87186365,63264158,COVID-19 pandemic in the Republic of Ireland,enwiki,Region
Q87742114,63391022,COVID-19 pandemic in the Republic of the Congo,enwiki,Region
Q94050008,63928246,COVID-19 pandemic in the San Francisco Bay Area,enwiki,Region
Q87199320,63299322,COVID-19 pandemic in the State of Palestine,enwiki,Region
Q88864673,63460484,COVID-19 pandemic in the Turks and Caicos Islands,enwiki,Region
Q84030045,63196010,COVID-19 pandemic in the United Arab Emirates,enwiki,Region
Q84167106,63216936,COVID-19 pandemic in the United Kingdom,enwiki,Region
Q83873577,63136490,COVID-19 pandemic in the United States,enwiki,Region
Q87730011,63371338,COVID-19 pandemic in the United States Virgin Islands,enwiki,Region
Q91763617,63755629,COVID-19 pandemic in Tibet,enwiki,Region
Q87662819,63313195,COVID-19 pandemic in Togo,enwiki,Region
Q89277288,63473161,COVID-19 pandemic in Transnistria,enwiki,Region
Q87694131,63359356,COVID-19 pandemic in Trinidad and Tobago,enwiki,Region
Q87343682,63346188,COVID-19 pandemic in Tunisia,enwiki,Region
Q87473205,63341143,COVID-19 pandemic in Turkey,enwiki,Region
Q89753133,63366719,COVID-19 pandemic in Turkmenistan,enwiki,Region
Q88263719,63366080,COVID-19 pandemic in Uganda,enwiki,Region
Q87235177,63277046,COVID-19 pandemic in Ukraine,enwiki,Region
Q87660365,63366086,COVID-19 pandemic in Uruguay,enwiki,Region
Q87822808,63407695,COVID-19 pandemic in Uttar Pradesh,enwiki,Region
Q87755912,63366720,COVID-19 pandemic in Uzbekistan,enwiki,Region
Q87222526,63299650,COVID-19 pandemic in Vatican City,enwiki,Region
Q87652010,63364001,COVID-19 pandemic in Venezuela,enwiki,Region
Q87746277,63363331,COVID-19 pandemic in Vermont,enwiki,Region
Q83873057,63136604,COVID-19 pandemic in Vietnam,enwiki,Region
Q87742089,63363332,COVID-19 pandemic in Virginia,enwiki,Region
Q87743866,63473019,COVID-19 pandemic in Wales,enwiki,Region
Q87409953,63301757,COVID-19 pandemic in Washington (state),enwiki,Region
Q87742131,63356410,"COVID-19 pandemic in Washington, D.C.",enwiki,Region
Q87833915,63442896,COVID-19 pandemic in West Bengal,enwiki,Region
Q87816110,63394625,COVID-19 pandemic in West Virginia,enwiki,Region
Q89806028,63567756,COVID-19 pandemic in Western Sahara,enwiki,Region
Q87743872,63363334,COVID-19 pandemic in Wisconsin,enwiki,Region
Q93315673,63755582,COVID-19 pandemic in Xinjiang,enwiki,Region
Q89695985,63370773,COVID-19 pandemic in Yemen,enwiki,Region
Q89276946,63863548,COVID-19 pandemic in Yukon,enwiki,Region
Q87976629,63366081,COVID-19 pandemic in Zambia,enwiki,Region
Q88164033,63366084,COVID-19 pandemic in Zimbabwe,enwiki,Region
Q83554667,62907551,COVID-19 pandemic lockdown in Hubei,enwiki,Others
Q87866152,63465223,COVID-19 pandemic lockdowns,enwiki,Others
Q91095151,63627329,COVID-19 pandemic on Charles de Gaulle,enwiki,Region
Q84590527,63142870,COVID-19 pandemic on cruise ships,enwiki,Region
Q86745927,63607718,COVID-19 pandemic on Diamond Princess,enwiki,Region
Q96374227,63634124,COVID-19 pandemic on Grand Princess,enwiki,Region
Q90084900,63601740,COVID-19 pandemic on naval ships,enwiki,Region
Q89490207,63554423,COVID-19 pandemic on USS Theodore Roosevelt,enwiki,Region
Q88599208,63462234,COVID-19 recession,enwiki,Others
Q86901049,63204759,COVID-19 testing,enwiki,Others
Q3002872,1979002,Cristina (singer),enwiki,Human
Q3008822,8130113,Cynthia Viteri,enwiki,Human
Q56248458,57967238,Cyril Lawrence,enwiki,Human
Q536308,524989,D. L. Hughley,enwiki,Human
Q32829313,54508148,Dafna Michaelson Jenet,enwiki,Human
Q8353446,63908515,Daisy Lúcidi,enwiki,Human
Q5210439,8929336,Dale Folwell,enwiki,Human
Q97616,11060053,Dan van Husen,enwiki,Human
Q2779131,14000176,Danie Gerber,enwiki,Human
Q10263911,63500180,Daniel Azulay,enwiki,Human
Q3013834,55134069,Daniel Cauchy,enwiki,Human
Q299700,1084470,Daniel Dae Kim,enwiki,Human
Q88961624,64339763,Daniel Davisse,enwiki,Human
Q11774225,45404321,Daniel Křetínský,enwiki,Human
Q84247209,63004254,Daniel Maldini,enwiki,Human
Q74849175,62333323,Daniel S. Goldman,enwiki,Human
Q904365,6826180,Daniel S. Kemp,enwiki,Human
Q18129450,43902400,Daniel Yuste,enwiki,Human
Q15830919,41806899,Daniele Rugani,enwiki,Human
Q3015089,63480645,Danilo Barozzi,enwiki,Human
Q91707058,63752558,Danny Delaney,enwiki,Human
Q63304416,59116640,Darwinzon Hernández,enwiki,Human
Q5228272,13700633,Dave Bacuzzi,enwiki,Human
Q2450102,3877781,Dave Greenfield,enwiki,Human
Q10264359,51352409,Davi Alcolumbre,enwiki,Human
Q11671,460135,David Beasley,enwiki,Human
Q5231508,4540246,David Boe,enwiki,Human
Q17721730,43567712,David Bowen (Wisconsin politician),enwiki,Human
Q310098,579719,David Bryan,enwiki,Human
Q59822632,63925540,David Corrêa,enwiki,Human
Q5232007,6347694,David Driskell,enwiki,Human
Q88465409,51647092,David Edwards (basketball),enwiki,Human
Q89047239,63520272,David Hodgkiss,enwiki,Human
Q5236357,3184534,David Lat,enwiki,Human
Q90812370,63687491,David Méresse,enwiki,Human
Q48700293,28124961,David Owen Brooks,enwiki,Human
Q5240670,26386509,David Von Drehle,enwiki,Human
Q5242455,20971390,Dawn Johnsen,enwiki,Human
Q60478,14660154,DeAndre Jordan,enwiki,Human
Q85881430,63346217,Death of Liu Fan,enwiki,Human
Q238671,90685,Debi Mazar,enwiki,Human
Q48122905,56637932,Deiveson Figueiredo,enwiki,Human
Q5253534,11716627,Delbert Hosemann,enwiki,Human
Q4140539,27647111,Delino DeShields Jr.,enwiki,Human
Q996436,64050322,Denis Farkasfalvy,enwiki,Human
Q89018986,63559258,Denise Millet,enwiki,Human
Q59387154,58948209,Dennis G. Peters,enwiki,Human
Q20713239,47044041,Denny McCarthy,enwiki,Human
Q3706229,34912334,Detto Mariano,enwiki,Human
Q422252,332416,Dexamethasone,enwiki,Others
Q5273153,34113152,Dick Lucas (American football),enwiki,Human
Q19635577,63898452,Dimitris Kremastinos,enwiki,Human
Q16940061,64166407,Dinaldo Wanderley,enwiki,Human
Q1227076,49006,Diosdado Cabello,enwiki,Human
Q989330,1798101,Disneyland Resort line,enwiki,Others
Q3011059,23321073,DJ LeMahieu,enwiki,Human
Q944421,4026236,Dmitri Smirnov (composer),enwiki,Human
Q21888028,53824372,Dmitry Strakhov,enwiki,Human
Q24572712,50772392,Dominic Cummings,enwiki,Human
Q87923605,63404205,Dominique Blanc (football official),enwiki,Human
Q3035559,20237245,Dominique de Legge,enwiki,Human
Q1240022,876246,Donald Kennedy,enwiki,Human
Q1240726,8120624,Donato Sabia,enwiki,Human
Q5296298,2037481,Donna Air,enwiki,Human
Q30122104,53626544,Donovan Mitchell,enwiki,Human
Q63198327,63583918,Dora Werzberg,enwiki,Human
Q5297824,25739912,Dorielton,enwiki,Human
Q5297905,4359321,Doris Burke,enwiki,Human
Q5304908,8530443,Dragan Vučić,enwiki,Human
Q47668952,63123318,Duan Zhengcheng,enwiki,Human
Q16337378,64214513,Dulce Nunes,enwiki,Human
Q23762815,49503072,Dušan Vlahović,enwiki,Human
Q29986806,39386407,Dwight Smith Jr.,enwiki,Human
Q394077,12618788,Dynamo (magician),enwiki,Human
Q3046479,45702924,Earvin N'Gapeth,enwiki,Human
Q3180917,9080340,Ebrahim Amini,enwiki,Human
Q96175652,63926963,Economic impact of the COVID-19 pandemic,enwiki,Others
Q5336214,1112571,Eddie Large,enwiki,Human
Q89912075,63990898,Eddy Davis,enwiki,Human
Q1295235,648800,Edén Pastora,enwiki,Human
Q21515658,48602574,Edman Ayvazyan,enwiki,Human
Q3719439,63657339,Edmondo Cirielli,enwiki,Human
Q20675880,47246700,Eduardo Año,enwiki,Human
Q1771,6154962,Ehsan Haddadi,enwiki,Human
Q51461749,63738525,El Príncipe Gitano,enwiki,Human
Q89690342,63594388,Eli Velder,enwiki,Human
Q579231,21505323,Eliaquim Mangala,enwiki,Human
Q30342359,54367780,Élisabeth Toutut-Picard,enwiki,Human
Q5362050,3395559,Eliyahu Bakshi-Doron,enwiki,Human
Q45345309,56039985,Elizabeth W. Smith,enwiki,Human
Q91503406,63733734,Ella King Russell Torrey,enwiki,Human
Q487043,2273448,Ellis Marsalis Jr.,enwiki,Human
Q2524635,2625961,Elsa Joubert,enwiki,Human
Q4969401,61212196,Elsebeth Gerner Nielsen,enwiki,Human
Q1337533,22805550,Emilio Allué,enwiki,Human
Q33142338,64484459,Emmanuelle Wargon,enwiki,Human
Q3054705,32222920,Enrique Múgica,enwiki,Human
Q1317442,25787464,Eric Bledsoe,enwiki,Human
Q66777139,61561544,Eric Yap,enwiki,Human
Q5569181,63695672,Erik Belfrage,enwiki,Human
Q450643,19177826,Ernest Vinberg,enwiki,Human
Q5397780,10761932,Eshaq Jahangiri,enwiki,Human
Q2083681,844444,Esperanza Aguirre,enwiki,Human
Q1373340,64565071,Eugenio Scarpellini,enwiki,Human
Q56640617,58406566,Eva Colas,enwiki,Human
Q84762892,63025280,Evacuations related to the COVID-19 pandemic,enwiki,Others
Q10278404,64118302,Evaldo Gouveia,enwiki,Human
Q3270870,33903877,Evangelos Marinakis,enwiki,Human
Q296684,4693982,Ezequiel Garay,enwiki,Human
Q66433960,63145625,Fabian Nürnberger,enwiki,Human
Q96072211,64185207,Fabiana Anastácio,enwiki,Human
Q23656798,60564062,Fabiana Bytyqi,enwiki,Human
Q28967968,53504139,Fabio Depaoli,enwiki,Human
Q21623370,48434549,Fakhar Zaman (cricketer),enwiki,Human
Q87904721,63367704,Families First Coronavirus Response Act,enwiki,Others
Q97356784,64327079,Famines related to the COVID-19 pandemic,enwiki,Others
Q5435227,36002409,Fariborz Raisdana,enwiki,Human
Q5946269,51400879,Fatemeh Rahbar,enwiki,Human
Q262203,1244879,Fatih Terim,enwiki,Human
Q81052462,62749672,Felimon Santos Jr.,enwiki,Human
Q777319,24330803,Felipe Nasr,enwiki,Human
Q89514702,63651155,Feriha Öz,enwiki,Human
Q3069409,35478742,Fernanda Paes Leme,enwiki,Human
Q16889614,45334379,Fernando Gaviria,enwiki,Human
Q839107,4219492,Fernando Martín Álvarez,enwiki,Human
Q5444892,27669677,"Fernando Ramírez de Haro, 16th Count of Bornos",enwiki,Human
Q77058159,62483622,Fernando Sandoval,enwiki,Human
Q24941815,63286123,Fernando Simón,enwiki,Human
Q90465882,63651330,Fevzi Aksoy,enwiki,Human
Q88553411,63480516,Floyd Cardoz,enwiki,Human
Q5470446,938817,Forrest Compton,enwiki,Human
Q17305299,43200329,Frances Tiafoe,enwiki,Human
Q3749916,10231273,Francesco Di Carlo,enwiki,Human
Q3750130,58741241,Francesco La Rosa,enwiki,Human
Q29727768,53959014,Francesco Perrone,enwiki,Human
Q87830378,63411483,Francesco Saverio Pavone,enwiki,Human
Q1441576,63517768,Francis Rapp,enwiki,Human
Q42880197,55752581,Francis X. Suarez,enwiki,Human
Q5865148,50440699,Francisco Aritmendi,enwiki,Human
Q3081861,63557557,Francisco Hernando Contreras,enwiki,Human
Q64463,20473845,Franck Riester,enwiki,Human
Q55020621,63584183,François de Gaulle,enwiki,Human
Q91756690,63758247,Fred the Godson,enwiki,Human
Q3087003,23676613,Freddie Freeman,enwiki,Human
Q89582569,63604716,Frida Wattenberg,enwiki,Human
Q566257,1967626,Friedrich Merz,enwiki,Human
Q2252474,63634274,Frits Flinkevleugel,enwiki,Human
Q318991,5222308,Gad Elmaleh,enwiki,Human
Q16638763,63764863,Gaël Faye,enwiki,Human
Q3758095,63764840,Gangchen Tulku Rinpoche,enwiki,Human
Q968498,2503952,Gary Holt (musician),enwiki,Human
Q5531445,2291566,Gene Shay,enwiki,Human
Q64168220,59097097,Génesis Cabrera,enwiki,Human
Q845156,2340111,George Alagiah,enwiki,Human
Q95677819,64076493,George Floyd,enwiki,Human
Q1655924,429665,George Stephanopoulos,enwiki,Human
Q3124154,63659532,Gérard Mannoni,enwiki,Human
Q1559010,63671798,Gérard Mulumba Kalemba,enwiki,Human
Q10289133,64544548,Gerardo Juraci Campelo Leite,enwiki,Human
Q690395,32925526,Germà Colón,enwiki,Human
Q3761173,32491129,Germán Pezzella,enwiki,Human
Q1093350,3067338,Germano Celant,enwiki,Human
Q93506856,63912490,Gerson Peres,enwiki,Human
Q97129077,64520509,Ghaida Kambash,enwiki,Human
Q87171383,63444808,Ghen Cô Vy,enwiki,Others
Q47389631,56309720,Ghulam Murtaza Baloch,enwiki,Human
Q3104996,63604959,Ghyslain Tremblay,enwiki,Human
Q90852078,63669791,Gil Bailey,enwiki,Human
Q30930334,64163818,Gil Vianna,enwiki,Human
Q5560829,36899924,Gilbert Burns (fighter),enwiki,Human
Q5561073,3520648,Gilbert Luis R. Centina III,enwiki,Human
Q5562310,29028109,Gillian Wise,enwiki,Human
Q19361829,63357680,Giovanni Battista Rabino,enwiki,Human
Q42571276,63531985,Gita Ramjee,enwiki,Human
Q468812,6841144,Giuliana De Sio,enwiki,Human
Q642708,28327989,Giulio Giorello,enwiki,Human
Q1528752,5720238,Giuseppi Logan,enwiki,Human
Q90849569,63687610,Glider Ushñahua,enwiki,Human
Q95982336,63642091,Global Pride,enwiki,Others
Q204279,194244,Goran Ivanišević,enwiki,Human
Q97036815,64486823,Gordon Kegakilwe,enwiki,Human
Q558820,20592344,Gōtoku Sakai,enwiki,Human
Q1545256,19227119,Goyo Benito,enwiki,Human
Q8964811,56059571,Gracia Barrios,enwiki,Human
Q359010,2241202,Greg Rikaart,enwiki,Human
Q704510,15932402,Gregory Michael Aymond,enwiki,Human
Q16234113,38387990,Gregory Polanco,enwiki,Human
Q337681,14561401,Grigor Dimitrov,enwiki,Human
Q30343165,54427378,Guillaume Vuilletet,enwiki,Human
Q92649435,63827861,Gulshan Ewing,enwiki,Human
Q92059713,63778665,Gunnar Seijbold,enwiki,Human
Q3090,20478833,Guy Teissier,enwiki,Human
Q852791,64346743,György Bálint,enwiki,Human
Q30081749,63272064,Hadi Khosroshahi,enwiki,Human
Q5638327,33373097,Hafez Tahouni,enwiki,Human
Q15819002,63356159,Hagen Reinhold,enwiki,Human
Q96710071,64256460,Haidari Wujodi,enwiki,Human
Q85765464,61792968,"Haider Ali (cricketer, born 2000)",enwiki,Human
Q57242519,58708021,Haji Mnoga,enwiki,Human
Q447509,1510542,Hal Willner,enwiki,Human
Q21405631,63436564,Hamid Kahram,enwiki,Human
Q13512620,15165943,Hamish Wilson,enwiki,Human
Q2784407,63672542,Hans Prade,enwiki,Human
Q93939001,63921160,Hari Vasudevan,enwiki,Human
Q5657289,15873017,Haribhau Jawale,enwiki,Human
Q61729076,59467559,Haris Rauf,enwiki,Human
Q1585971,15460320,Haroldo Rodas,enwiki,Human
Q222851,23446581,Harrison Barnes,enwiki,Human
Q2655701,63491866,Harry Aarts,enwiki,Human
Q1248209,15949753,Harvey Goldstein,enwiki,Human
Q531599,1624086,Harvey Weinstein,enwiki,Human
Q2784436,31046864,Hasan al-Lawzi,enwiki,Human
Q6555796,53026012,Hashem Bathaie Golpayegani,enwiki,Human
Q5686109,35691374,Hayata Ito,enwiki,Human
Q4822123,5503917,Haydar Baş,enwiki,Human
Q5618246,32733343,Heherson Alvarez,enwiki,Human
Q19665021,45423609,Helen Damico,enwiki,Human
Q51754355,56803136,Helena Dix,enwiki,Human
Q5703827,2870025,Helène Aylon,enwiki,Human
Q3144732,3163715,Hélène Châtelain,enwiki,Human
Q2896225,36688543,Hélène Darroze,enwiki,Human
Q5703909,7049988,Helene Weinstein,enwiki,Human
Q28032204,59598229,Hendrik Streeck,enwiki,Human
Q5253272,63753776,Henk Overgoor,enwiki,Human
Q89588532,63665997,Henri Ecochard,enwiki,Human
Q17486036,63779257,Henri Kichka,enwiki,Human
Q3131533,63606058,Henri Madelin,enwiki,Human
Q3131915,22629839,Henri Richelet,enwiki,Human
Q3132075,63525589,Henri Tincq,enwiki,Human
Q1340521,1484006,Henri Weber,enwiki,Human
Q202807,56385330,Henrique Soares da Costa,enwiki,Human
Q17305968,43129525,Henry Graff,enwiki,Human
Q719759,559231,Henry Grimes,enwiki,Human
Q92518002,63808547,Henry Miller (lawyer),enwiki,Human
Q491019,1545265,Herman Cain,enwiki,Human
Q94997852,64073373,Hernán Alemán (politician),enwiki,Human
Q5760952,13949101,Hilary Dwyer,enwiki,Human
Q17129251,60961929,Hisao Katō,enwiki,Human
Q87725767,63376726,Hisham Hamdan,enwiki,Human
Q90121082,63633470,Ho Kam Ming,enwiki,Human
Q96695292,64358066,Homemade (TV series),enwiki,Others
Q2130136,58953940,Hong Kong West Kowloon railway station,enwiki,Others
Q84737258,63435631,Hong Ling (geneticist),enwiki,Human
Q16885630,9431251,Hossein Sheikholeslam,enwiki,Human
Q12964789,14065054,Howie Severino,enwiki,Human
Q83264280,62906880,Huanan Seafood Wholesale Market,enwiki,Others
Q16729954,42395246,Hudeidi,enwiki,Human
Q116650,7421180,Hugo Gatti,enwiki,Human
Q95670840,64116459,Hugo Ryckeboer,enwiki,Human
Q62353353,33338477,Hunter Bishop,enwiki,Human
Q83554783,62918424,Huoshenshan Hospital,enwiki,Others
Q95416463,64058939,Hussain Ahmad Kanjo,enwiki,Human
Q5983308,3516557,Ian Woan,enwiki,Human
Q1545644,22538724,Ibrahima N'Diaye,enwiki,Human
Q5479644,48007826,Idoia Mendia,enwiki,Human
Q342604,1342890,Idris Elba,enwiki,Human
Q3148268,45680659,Igor Boev,enwiki,Human
Q173923,4941175,Ilija Petković,enwiki,Human
Q17410598,63507627,Imam Suroso,enwiki,Human
Q94320820,63585221,Impact of the COVID-19 pandemic,enwiki,Others
Q96278556,64353621,Impact of the COVID-19 pandemic on Hajj,enwiki,Others
Q89864650,63436865,Impact of the COVID-19 pandemic on prisons,enwiki,Others
Q87589400,63355677,Impact of the COVID-19 pandemic on sports,enwiki,Others
Q90085156,63612268,Impact of the COVID-19 pandemic on the environment,enwiki,Others
Q18351186,44181290,"Imran Khan (cricketer, born 1987)",enwiki,Human
Q463585,2644000,Indira Varma,enwiki,Human
Q2798280,12166920,Ing Yoe Tan,enwiki,Human
Q3798974,63434389,Innocenzo Donina,enwiki,Human
Q92313327,63649545,Institute for Health Metrics and Evaluation COVID model,enwiki,Others
Q97011238,64475677,Inuwa Abdulkadir,enwiki,Human
Q86359645,63278421,Iraj Harirchi,enwiki,Human
Q21706297,57504436,Irene Montero,enwiki,Human
Q17322473,63707515,Iris Love,enwiki,Human
Q6070306,36177688,Iris M. Zavala,enwiki,Human
Q85770058,62002686,Isaac Robinson (politician),enwiki,Human
Q50634772,59693424,Isabel Díaz Ayuso,enwiki,Human
Q96102692,64198313,Ismail Gamadiid,enwiki,Human
Q3804395,54025249,Italo De Zan,enwiki,Human
Q89465759,63569736,Ito Curata,enwiki,Human
Q35633,57077354,Itziar Ituño,enwiki,Human
Q3544051,3326531,Iza Calzado,enwiki,Human
Q6104592,32886733,J. Anbazhagan,enwiki,Human
Q34660,16027,J. K. Rowling,enwiki,Human
Q6110020,34030640,Jabari Parker,enwiki,Human
Q92197171,63786187,Jack Lotz,enwiki,Human
Q93421326,63834408,Jack Taylor (Colorado politician),enwiki,Human
Q355009,149564,Jackson Browne,enwiki,Human
Q88928087,63756217,Jacob Plange-Rhule,enwiki,Human
Q89284961,63565858,Jacques F. Acar,enwiki,Human
Q3158941,63649218,Jacques Frémontier,enwiki,Human
Q3159292,63584310,Jacques Le Brun,enwiki,Human
Q3159696,63443267,Jacques Oudin,enwiki,Human
Q3159726,63728474,Jacques Pellen,enwiki,Human
Q93705140,63928197,Jacques Reymond,enwiki,Human
Q3159913,63719934,Jacques Rosny,enwiki,Human
Q90463320,63842156,Jaime Ruiz Sacristán,enwiki,Human
Q10304982,46603496,Jair Bolsonaro,enwiki,Human
Q2029605,32665150,Jamel Herring,enwiki,Human
Q29033911,53598942,James Craig (police chief),enwiki,Human
Q13605936,39086620,James Ennis III,enwiki,Human
Q1680463,10754150,"James Gordon, Baron Gordon of Strathblane",enwiki,Human
Q6137546,1104310,James L. Dolan,enwiki,Human
Q16150335,16445887,James L. Seward (New York politician),enwiki,Human
Q94657640,63988032,James Mahoney (pulmonologist),enwiki,Human
Q6140775,14517068,James P. Gorman,enwiki,Human
Q89058562,63522381,James T. Goodrich,enwiki,Human
Q96606866,64594526,Jampel Lodoy,enwiki,Human
Q12022755,63614843,Jan Křen,enwiki,Human
Q59229688,59166931,Jane Garibay,enwiki,Human
Q26211997,51729261,Jannes Horn,enwiki,Human
Q15820808,49142448,Jannik Kohlbacher,enwiki,Human
Q11720946,63336876,Jarosław Mika,enwiki,Human
Q2317740,2159722,Jason Collins,enwiki,Human
Q11326624,9171071,Javier Castellano,enwiki,Human
Q6165508,29559591,Javier Francisco Méndez,enwiki,Human
Q19599015,45681790,Javier Jiménez (volleyball),enwiki,Human
Q50824635,59576980,Javier Ortega Smith,enwiki,Human
Q154855,391110,Javier Solana,enwiki,Human
Q6166387,17157212,Jay Benedict,enwiki,Human
Q28403467,51710354,Jaybee Sebastian,enwiki,Human
Q88326495,63459043,Jean-Jacques Razafindranazy,enwiki,Human
Q999960,55195259,Jean-Laurent Cochet,enwiki,Human
Q3167246,20487120,Jean-Luc Reitzer,enwiki,Human
Q30729040,63821752,Jean-Marc Manducher,enwiki,Human
Q6169679,20458951,Jean-Michel Bokamba-Yangouma,enwiki,Human
Q16581287,62310179,Jeanine Áñez,enwiki,Human
Q20714251,46967707,Jeanné Kapela,enwiki,Human
Q16841387,42718195,Jedediah Bila,enwiki,Human
Q78782476,62597841,Jeff Shell,enwiki,Human
Q88592566,63517044,Jenny Polanco,enwiki,Human
Q281708,26681910,Jens Keukeleire,enwiki,Human
Q91159963,63708688,Jerry Givens,enwiki,Human
Q93868410,63978599,Jesus Chediak,enwiki,Human
Q88866458,63526613,Jesús Gayoso Rey,enwiki,Human
Q91027609,63697842,Jesús Vaquero,enwiki,Human
Q60734385,58754717,Jim Cross (ice hockey coach),enwiki,Human
Q717045,881905,Jim Edmonds,enwiki,Human
Q6195534,1637294,Jim Henderson (politician),enwiki,Human
Q217238,1102404,Jimmie Johnson,enwiki,Human
Q15987709,39822456,Jimmie Rivera,enwiki,Human
Q1237349,64040285,Jiří Toman,enwiki,Human
Q740411,727864,Joachim Yhombi-Opango,enwiki,Human
Q58993183,58951669,Joe Cunningham (American politician),enwiki,Human
Q1691384,1438686,Joe Diffie,enwiki,Human
Q27063617,51733609,Joe Runions,enwiki,Human
Q16646407,47662239,Joël Bruneau,enwiki,Human
Q3180252,31027524,Joel M. Reed,enwiki,Human
Q57567,24998899,Joël Matip,enwiki,Human
Q91665169,63749443,Joel Rogosin,enwiki,Human
Q15429090,63892241,Joel Shatzky,enwiki,Human
Q16235385,39084705,Joey Gallo (baseball),enwiki,Human
Q94864655,64009153,Joey Giambra (musician),enwiki,Human
Q96551,14142957,Johannes B. Kerner,enwiki,Human
Q93876058,64101353,Johannes Beck,enwiki,Human
Q6221766,20020707,John Bessler,enwiki,Human
Q88719792,1566468,John F. Murray,enwiki,Human
Q1364820,3296491,John H. Cox,enwiki,Human
Q268961,15807,John Horton Conway,enwiki,Human
Q1193243,1070206,John Houghton (physicist),enwiki,Human
Q6244212,670688,John Laws (judge),enwiki,Human
Q6251147,30756653,John Ogilvie (footballer),enwiki,Human
Q91151546,63708203,John Percy Leon Lewis,enwiki,Human
Q1701415,3491542,John Pfahl,enwiki,Human
Q520296,292822,John Prine,enwiki,Human
Q10554334,38744952,John Rowlands (footballer),enwiki,Human
Q540283,182620,John Taylor (bass guitarist),enwiki,Human
Q52453146,57297620,Jolette (singer),enwiki,Human
Q2689047,7005372,Jonathas de Jesus,enwiki,Human
Q23901570,44116224,Jorge Mateo,enwiki,Human
Q97579656,64613792,Jorge Villavicencio,enwiki,Human
Q5939731,63458886,José Folgado,enwiki,Human
Q85873158,64288828,José Gentil Rosa,enwiki,Human
Q3810475,22888642,José Luis Capón,enwiki,Human
Q15396247,41348946,José Luis Gayà,enwiki,Human
Q5942704,63727116,José María Calleja,enwiki,Human
Q88364089,63456359,José María Loizaga Viguri,enwiki,Human
Q10310270,64579601,José Paulo de Andrade,enwiki,Human
Q1008502,14851243,Josep Maria Benet i Jornet,enwiki,Human
Q20004758,63735668,Josep Sala Mañé,enwiki,Human
Q92771548,64001686,Joseph Feingold,enwiki,Human
Q19376488,63327874,Joseph Zhu Baoyu,enwiki,Human
Q64827839,59116178,Josh Taylor (baseball),enwiki,Human
Q64748125,60360060,Joy Belmonte,enwiki,Human
Q6297452,23438623,Joyce Davidson,enwiki,Human
Q9015433,52382885,Juan Cotino,enwiki,Human
Q1710489,4994839,Juan Giménez,enwiki,Human
Q555253,9457641,Juan Miguel Zubiri,enwiki,Human
Q5951723,25895048,Juan Orlando Hernández,enwiki,Human
Q1287976,63835361,Júlia Sigmond,enwiki,Human
Q91861707,63796950,Julian Perry Robinson,enwiki,Human
Q3189161,25235917,Julie Bennett,enwiki,Human
Q97015683,64495173,Julio Jiménez (politician),enwiki,Human
Q5018805,38580758,Junichi Ishida,enwiki,Human
Q20685530,47156076,Kalie Shorr,enwiki,Human
Q22278589,48304454,Kamal Khera,enwiki,Human
Q13057474,47089542,Kamal Lohani,enwiki,Human
Q6363189,36928123,Kanika Kapoor,enwiki,Human
Q860820,4657510,Kankurō Kudō,enwiki,Human
Q3193039,23797926,Kareem Jackson,enwiki,Human
Q1725252,54275101,Karel Herbst,enwiki,Human
Q70965063,62065669,Karen Whitsett,enwiki,Human
Q10943455,39110937,Karim Kassem,enwiki,Human
Q78515,2046523,Karl von Habsburg,enwiki,Human
Q21642314,48666498,Kashif Bhatti,enwiki,Human
Q76450728,62568644,Kate Osborne,enwiki,Human
Q437950,18622227,Katrina Adams,enwiki,Human
Q29973502,54078126,Kay Kirkpatrick,enwiki,Human
Q6380624,27125286,Kaylee Hartung,enwiki,Human
Q92849109,63847133,Ke Huibing,enwiki,Human
Q13742419,63731268,Kees Bakker (football),enwiki,Human
Q42770663,52445427,Keisha Lance Bottoms,enwiki,Human
Q55847698,59080979,Kelvin Yii Lee Wuen,enwiki,Human
Q6390090,38076131,Ken Farnum,enwiki,Human
Q95128547,64034999,Ken Nightingall,enwiki,Human
Q1320080,3230899,Ken Shimura,enwiki,Human
Q6388519,8478693,Ken Snow,enwiki,Human
Q187198,16919,Kenny Dalglish,enwiki,Human
Q16498472,63504197,Kerstin Behrendtz,enwiki,Human
Q6396195,21809306,Kevin Duffy,enwiki,Human
Q29545,6933101,Kevin Durant,enwiki,Human
Q923090,854189,Kevin Saunderson,enwiki,Human
Q58322517,4883707,Kevin Stitt,enwiki,Human
Q91669146,63749834,Khalif Mumin Tohow,enwiki,Human
Q79666066,62562796,Kiing Shooter,enwiki,Human
Q19667683,44940866,Kim H. Veltman,enwiki,Human
Q13560902,1385937,Kimberly Guilfoyle,enwiki,Human
Q20741008,47360023,Kimberly Jean-Pierre,enwiki,Human
Q29227138,53717743,King Udoh,enwiki,Human
Q12283012,44228204,Kiril Domuschiev,enwiki,Human
Q90405588,63674261,Kishen Bholasing,enwiki,Human
Q4492601,10221650,Koko Pimentel,enwiki,Human
Q3282984,63741478,Koos van den Berg,enwiki,Human
Q2633169,25865170,Kozo Tashima,enwiki,Human
Q6438398,34969966,Kristofer Hivju,enwiki,Human
Q11473366,63759985,Kumiko Okae,enwiki,Human
Q45996744,56079736,Kwadwo Owusu Afriyie,enwiki,Human
Q64010003,60771378,Laine Hardy,enwiki,Human
Q1806117,22228889,Larry Scott (sports administrator),enwiki,Human
Q271765,7783545,Laura Bell Bundy,enwiki,Human
Q96175697,64207384,Laura Bernal (diplomat),enwiki,Human
Q47091950,60172634,Laurence Devillers,enwiki,Human
Q6504550,1483295,Lawrence Bacow,enwiki,Human
Q87511491,63361460,Lee Cha-su,enwiki,Human
Q89564475,63583572,Lee Fierro,enwiki,Human
Q453393,756707,Lee Konitz,enwiki,Human
Q16215977,28298983,Lee Nurse,enwiki,Human
Q2894948,10132761,Leib Groner,enwiki,Human
Q89952002,63637654,Leila Benitez-McCollum,enwiki,Human
Q45843259,63577999,Leïla Menchari,enwiki,Human
Q83766264,62952907,Leishenshan Hospital,enwiki,Others
Q33421935,63039096,Lenni-Kim,enwiki,Human
Q94966479,64051536,Lenora Garfinkel,enwiki,Human
Q6531860,24377554,Lester G. Jackson,enwiki,Human
Q2622339,20194521,Lev Leshchenko,enwiki,Human
Q84497471,63040806,Li Wenliang,enwiki,Human
Q85245727,63360874,Liang Wudong,enwiki,Human
Q90419272,63698241,Lila Fenwick,enwiki,Human
Q89924623,63727763,Liliane Marchais,enwiki,Human
Q85005219,63440081,Lin Zhengbin,enwiki,Human
Q88027839,64009477,List of deaths due to COVID-19,enwiki,Others
Q85332141,63459516,Liu Shouxiang,enwiki,Human
Q30165113,54258722,Lloyd Russell-Moyle,enwiki,Human
Q89044367,63521424,Lorena Borjas,enwiki,Human
Q3836866,26471736,Lorenzo Acquarone,enwiki,Human
Q1067412,2555320,Lorenzo Sanz,enwiki,Human
Q92222297,63827862,Lorna Breen,enwiki,Human
Q3263300,36360356,Louis Vogel,enwiki,Human
Q66433557,61908507,Luca Kilian,enwiki,Human
Q15117583,59472339,Luca Lotti,enwiki,Human
Q267724,4656430,Lucia Bosè,enwiki,Human
Q16337792,63937958,Lúcia Braga,enwiki,Human
Q3265178,28237557,Lucian Grainge,enwiki,Human
Q3838576,63434413,Luciano Federici,enwiki,Human
Q3265723,63459292,Lucien Sève,enwiki,Human
Q61481724,63530272,Luigi Roni,enwiki,Human
Q29639760,64579981,Luis Arias Graziani,enwiki,Human
Q16574400,48453770,Luis Cessa,enwiki,Human
Q314861,3175780,Luis Fernández,enwiki,Human
Q41187679,55269317,Luis Madero,enwiki,Human
Q334126,1138263,Luis Sepúlveda,enwiki,Human
Q28911587,51398208,Luis Urías,enwiki,Human
Q19974584,53305692,Lukman Niode,enwiki,Human
Q96470807,64337902,Lynika Strozier,enwiki,Human
Q64569137,63358966,Macarena Olona Choclán,enwiki,Human
Q92878926,63833596,Madeline Kripke,enwiki,Human
Q2024999,41829210,Mads Mensah Larsen,enwiki,Human
Q97012125,64473500,Mahendra Yadav,enwiki,Human
Q296724,31160399,Mahmoud Jibril,enwiki,Human
Q5959000,50747073,Mahmoud Sadeghi,enwiki,Human
Q17350905,54648493,Maina Sage,enwiki,Human
Q76836042,62462025,Makbul Hossain,enwiki,Human
Q17465755,43433251,Malcolm Brogdon,enwiki,Human
Q97011316,64489884,Mamadou Bamba Ndiaye,enwiki,Human
Q17350757,62836781,Mamadou Philippe Karambiri,enwiki,Human
Q91252955,63717202,Manjeet Singh Riyat,enwiki,Human
Q129816,27224434,Manolo Gabbiadini,enwiki,Human
Q3286565,32064397,Mansour Kamardine,enwiki,Human
Q53911695,61500336,Manu Aierdi,enwiki,Human
Q445829,353831,Manu Dibango,enwiki,Human
Q89034303,63581537,Manuel Adolfo Varas,enwiki,Human
Q1426480,18435263,Manuel Felguérez,enwiki,Human
Q29525790,63621023,Marc Engels,enwiki,Human
Q1892733,52131917,Marc Mézard,enwiki,Human
Q2386112,12004489,Marcel Moreau,enwiki,Human
Q3289573,63792261,Marcelle Ranson-Hervé,enwiki,Human
Q6756606,15653130,Marcelo Peralta,enwiki,Human
Q6757719,37244803,Marco Sportiello,enwiki,Human
Q6757909,1423372,Marcos Prado Troyjo,enwiki,Human
Q6758454,38147281,Marcus Smart,enwiki,Human
Q90961853,63690764,Margit Feldman,enwiki,Human
Q3290692,50026729,Marguerite Aucouturier,enwiki,Human
Q89795205,63645258,Marguerite Lescop,enwiki,Human
Q10326164,63674520,Maria de Sousa,enwiki,Human
Q88978483,28740090,Maria Mercader,enwiki,Human
Q66084989,63668385,Mariana Arceo,enwiki,Human
Q48280,167651,Marianne Faithfull,enwiki,Human
Q16595738,49469592,Marianne Lundquist,enwiki,Human
Q3848217,63441085,Marino Quaresimin,enwiki,Human
Q97342569,64544942,Mário Calixto Filho,enwiki,Human
Q94994347,64083490,Mário Chermont,enwiki,Human
Q767270,411276,Mario Díaz-Balart,enwiki,Human
Q1868688,18961673,Mark Blum,enwiki,Human
Q6768272,648159,Mark Johnston (racehorse trainer),enwiki,Human
Q6769832,5265043,Mark Steiner,enwiki,Human
Q17371175,50916304,Mark Villar,enwiki,Human
Q16185279,38564594,Marko Đurić,enwiki,Human
Q207399,5150247,Marko Pantelić,enwiki,Human
Q97105191,64510608,Marlene Catzín Cih,enwiki,Human
Q15731012,39626736,Marlon Moraes,enwiki,Human
Q275169,7245785,Marouane Fellaini,enwiki,Human
Q47529773,64592535,Martha Mmola,enwiki,Human
Q4264879,30797033,Martin Lovett,enwiki,Human
Q18764064,45020170,Martin S. Fox,enwiki,Human
Q92168119,63784121,Martine Crefcoeur,enwiki,Human
Q10326942,63504960,Martinho Lutero Galati,enwiki,Human
Q29230,164603,Martti Ahtisaari,enwiki,Human
Q6778086,10024854,Marv Luster,enwiki,Human
Q96180005,64221703,Mary J. Wilson,enwiki,Human
Q93887022,63838922,Mary Roman,enwiki,Human
Q6782695,15982108,Masataka Nashida,enwiki,Human
Q3350076,2371808,Mashrafe Mortaza,enwiki,Human
Q738196,1976319,Masoumeh Ebtekar,enwiki,Human
Q478161,7134310,Matt Hancock,enwiki,Human
Q6791209,20773687,Matthew Seligman,enwiki,Human
Q28968068,53513348,Mattia Zaccagni,enwiki,Human
Q3300367,63658846,Maurice Barrier,enwiki,Human
Q4084007,6105691,Maurice Berger,enwiki,Human
Q3300416,39862759,Maurice Bidermann,enwiki,Human
Q1270426,5334191,Maximiliano Richeze,enwiki,Human
Q6797965,18298778,Maysam Baou,enwiki,Human
Q6811369,33815682,Melanie Verwoerd,enwiki,Human
Q13562433,37441435,Melinda Katz,enwiki,Human
Q88611356,63480393,Menggie Cobarrubias,enwiki,Human
Q3306708,11850607,Merwan Rim,enwiki,Human
Q74477144,58540115,Meyer Rubin,enwiki,Human
Q23820256,50175217,MHD (rapper),enwiki,Human
Q42428973,55673770,Mian Jamshed Uddin Kakakhel,enwiki,Human
Q352696,8720568,Michael Beasley,enwiki,Human
Q16195422,2155452,Michael Bidwill,enwiki,Human
Q6830619,5627128,Michael Gilkes (writer),enwiki,Human
Q6832740,36449872,Michael McKinnell,enwiki,Human
Q6834090,22474494,Michael Saag,enwiki,Human
Q6834517,6366541,Michael Sorkin,enwiki,Human
Q15994807,42058849,Michael Wakelam,enwiki,Human
Q16215160,39724083,Michael Yo,enwiki,Human
Q438465,595565,Michel Barnier,enwiki,Human
Q2917346,20513601,Michel Boujenah,enwiki,Human
Q924976,20491623,Michel Herbillon,enwiki,Human
Q782651,63583655,Michel Parisse,enwiki,Human
Q15131268,63568120,Michel Tibon-Cornillot,enwiki,Human
Q44742365,60480890,Michèle Victory,enwiki,Human
Q65945406,63636982,Miguel Ángel Tábet,enwiki,Human
Q24940009,63764586,Miguel Ángel Troitiño,enwiki,Human
Q3857269,3745952,Miguel Jones,enwiki,Human
Q6844797,24522328,Miguel Sanó,enwiki,Human
Q4994305,49232067,Mikael Appelgren (handballer),enwiki,Human
Q18685653,44509178,Mike Day (politician),enwiki,Human
Q3313368,63779615,Mike Huckaby,enwiki,Human
Q1431761,28932861,Mike Kelly (Pennsylvania politician),enwiki,Human
Q1933279,6746772,Mike Longo,enwiki,Human
Q185572,1431133,Mikel Arteta,enwiki,Human
Q4197538,31002015,Mikhail Ignatyev (politician),enwiki,Human
Q4298520,62836433,Mikhail Mishustin,enwiki,Human
Q6849862,14699346,Miki Sumiyoshi,enwiki,Human
Q6851247,30110265,Milena Jelinek,enwiki,Human
Q1562744,63517579,Milutin Knežević,enwiki,Human
Q5835086,57862015,Minoo Mohraz,enwiki,Human
Q18345498,44231293,Mirga Gražinytė-Tyla,enwiki,Human
Q16656949,53985694,Mishik Kazaryan,enwiki,Human
Q85173778,63055098,Misinformation related to the COVID-19 pandemic,enwiki,Others
Q691911,7692348,Mitchell Langerak,enwiki,Human
Q96210090,64239234,MLS is Back Tournament,enwiki,Others
Q795924,12793425,Mobile World Congress,enwiki,Others
Q92159374,63853556,Mohamed Ben Omar,enwiki,Human
Q88660090,63498608,Mohamed Farah (footballer),enwiki,Human
Q97143554,64525363,Mohamed Kouradji,enwiki,Human
Q86709709,63245519,Mohammad Ali Ramazani Dastak,enwiki,Human
Q3535271,3095917,Mohammad Hafeez,enwiki,Human
Q57575495,58376637,Mohammad Hasnain,enwiki,Human
Q21674648,63501559,Mohammad Kiavash,enwiki,Human
Q16052285,63268995,Mohammad Mirmohammadi,enwiki,Human
Q4345054,7597767,Mohammad Parvin,enwiki,Human
Q19577671,44849281,Mohammad Rizwan (cricketer),enwiki,Human
Q1942631,429861,Mohammad-Reza Khatami,enwiki,Human
Q85098459,63108583,Mohammad-Reza Rahchamani,enwiki,Human
Q7319738,6720186,Mohammadreza Ghadiri,enwiki,Human
Q6893246,8947448,Mohammed Nasim,enwiki,Human
Q82504773,62843502,Mohammed Yaseen Mohammed,enwiki,Human
Q23024142,51198298,Mojtaba Zonnour,enwiki,Human
Q62007391,60963371,Montserrat Bassa,enwiki,Human
Q18687827,44740651,Morris Hood III,enwiki,Human
Q16852194,42481489,Morten Thorsby,enwiki,Human
Q349311,7597902,Mostafa Pourmohammadi,enwiki,Human
Q94128948,63935920,Motoko Fujishiro Huthwaite,enwiki,Human
Q6925992,8210389,Mousa Shubairi Zanjani,enwiki,Human
Q3326196,64618532,Moussa Benhamadi,enwiki,Human
Q982113,17177634,Mu Kanazaki,enwiki,Human
Q55624059,57575216,Muhammad Afzal (wrestler),enwiki,Human
Q27062983,51289600,Muhammad Mohaiminul Islam,enwiki,Human
Q89455052,63569310,Muhammad Sirajul Islam,enwiki,Human
Q31451910,64061053,Mukar Cholponbayev,enwiki,Human
Q7660402,17161115,Munawar Hasan,enwiki,Human
Q94440981,63993232,Munir Mangal,enwiki,Human
Q56485499,58333545,Murtaza Wahab,enwiki,Human
Q17371638,61045875,Mykola Balan,enwiki,Human
Q258586,1872870,Nadine Dorries,enwiki,Human
Q12499829,63823684,Naek L. Tobing,enwiki,Human
Q930921,11401861,Naoki Tsukahara,enwiki,Human
Q48872746,63489651,Naomi Munakata,enwiki,Human
Q88386281,63481367,Nashom Wooden,enwiki,Human
Q6082944,3044441,Nasir Ahmad el-Rufai,enwiki,Human
Q96312941,64282892,Nasir Ajanah,enwiki,Human
Q87652750,63382083,Nasser Shabani,enwiki,Human
Q588067,3104601,Natalie Horler,enwiki,Human
Q27733851,51468709,Neal Dunn,enwiki,Human
Q6986729,38759903,Neela Satyanarayanan,enwiki,Human
Q16940336,64533970,Nelson Meurer,enwiki,Human
Q72206332,62150979,Nestor Forster,enwiki,Human
Q93464189,63880659,NHS COVID-19,enwiki,Others
Q15485954,14827881,Nicholas Rinaldi,enwiki,Human
Q16847056,42656028,Nick Cordero,enwiki,Human
Q16887672,42767408,Nick Gordon,enwiki,Human
Q1151614,10856203,Nick Watney,enwiki,Human
Q1332769,1769084,Nicola Zingaretti,enwiki,Human
Q3340026,20168687,Nicolas Alfonsi,enwiki,Human
Q7030763,38286425,Nida Yasir,enwiki,Human
Q56486570,58395381,Nikema Williams,enwiki,Human
Q17281073,43155876,Nikola Jokić,enwiki,Human
Q17489803,43508969,Nipper Read,enwiki,Human
Q4900762,37044488,Nirmal Singh Khalsa,enwiki,Human
Q95884256,64210257,Nita Pippins,enwiki,Human
Q7045291,6843080,Noach Dear,enwiki,Human
Q93929514,63920187,Noel Walsh,enwiki,Human
Q97119149,64510450,Noloyiso Sandile,enwiki,Human
Q430746,697334,Norman Hunter (footballer),enwiki,Human
Q5812,16100029,Novak Djokovic,enwiki,Human
Q86715481,63623667,Nuno Gomes Nabiam,enwiki,Human
Q451302,14363423,Nur Hassan Hussein,enwiki,Human
Q7070307,35872378,Nurul Islam Babul,enwiki,Human
Q434890,948525,Nydia Velázquez,enwiki,Human
Q19958158,46446035,Okezie Ikpeazu,enwiki,Human
Q16195218,30319042,Olan Montgomery,enwiki,Human
Q164730,7598664,Olga Kurylenko,enwiki,Human
Q10340557,64037048,Olga Savary,enwiki,Human
Q7085856,8426778,Olle Holmquist,enwiki,Human
Q11885519,39840037,Omar Colley,enwiki,Human
Q7089690,10183669,Omar Fayad,enwiki,Human
Q89388448,63597534,Omar Quintana,enwiki,Human
Q23920645,63864541,Ömer Döngeloğlu,enwiki,Human
Q24248306,50583945,Orlando McDaniel,enwiki,Human
Q3593648,11950381,Óscar Chávez,enwiki,Human
Q88311447,63453690,Oumarou Idani,enwiki,Human
Q89966200,63614409,Pandemic predictions and preparations prior to the COVID-19 pandemic,enwiki,Others
Q483027,147719,Paolo Maldini,enwiki,Human
Q9055167,64392812,Papaléo Paes,enwiki,Human
Q3362788,18447388,Pape Diouf,enwiki,Human
Q7143415,1906038,Pat Dye,enwiki,Human
Q16734281,41615212,Pat Foye,enwiki,Human
Q19924337,52695512,Patrice Cellario,enwiki,Human
Q4095066,5631088,Patricia Bosworth,enwiki,Human
Q3369176,20806009,Patrick Achi,enwiki,Human
Q171530,577670,Patrick Bruel,enwiki,Human
Q6292322,2087184,Patrick Chesnais,enwiki,Human
Q28377792,54109702,Patrick Cutrone,enwiki,Human
Q1383590,3174582,Patrick Devedjian,enwiki,Human
Q271933,238156,Patrick Ewing,enwiki,Human
Q325363,34379538,Patrick Groetzki,enwiki,Human
Q614675,1242649,Patrick McEnroe,enwiki,Human
Q65602496,64656933,Patrick Simon (politician),enwiki,Human
Q34331304,57721022,Patrizia Barbieri,enwiki,Human
Q1363756,3776606,Paul Goma,enwiki,Human
Q7151698,25072327,Paul Karslake,enwiki,Human
Q95660168,64112098,Paul McCurrie,enwiki,Human
Q49268385,58442951,Pauline Peyraud-Magnin,enwiki,Human
Q7155119,36074367,Paulinho Paiakan,enwiki,Human
Q166317,33336117,Paulo Dybala,enwiki,Human
Q712430,1403908,Pavel Bém,enwiki,Human
Q205778,7438589,Pavel Pogrebnyak,enwiki,Human
Q64746574,61076463,Pavel Voicu,enwiki,Human
Q31741007,54453015,Pearson Jordan,enwiki,Human
Q926984,5184765,Pedro Bordaberry,enwiki,Human
Q16169026,57469108,Pere Aragonès,enwiki,Human
Q495202,64355023,Peruvian-Bolivian War of 1841-1842,enwiki,Others
Q2351115,29663051,Pete Kozma,enwiki,Human
Q7173778,559737,Peter Dutton,enwiki,Human
Q92179738,63775514,Peter Gill (golfer),enwiki,Human
Q7174885,11436810,Peter J. N. Sinclair,enwiki,Human
Q700558,1468975,Peter Madsen (footballer),enwiki,Human
Q493567,816001,Peter Piot,enwiki,Human
Q55183320,57562024,Peter Tuchman,enwiki,Human
Q7177692,36947896,Peter Whiteside,enwiki,Human
Q93171213,63851601,Philip Foglia,enwiki,Human
Q16195095,40818872,Philip Gunn,enwiki,Human
Q35243613,54796202,Philip Jansen,enwiki,Human
Q3379373,16350075,Philippe Bodson,enwiki,Human
Q16912496,63677393,Philippe Lécrivain,enwiki,Human
Q3380286,55539513,Philippe Malaurie,enwiki,Human
Q964474,3713560,Philippe Nahon,enwiki,Human
Q556314,41623862,Philippe Ouédraogo (cardinal),enwiki,Human
Q427864,44630460,Piero Chiambretti,enwiki,Human
Q3903362,63411606,Piero Schlesinger,enwiki,Human
Q52419113,58578082,Pierpaolo Sileri,enwiki,Human
Q3386032,33834131,Pierre Lumbi,enwiki,Human
Q3386401,64460025,Pierre Ménès,enwiki,Human
Q57343,1791998,Pierre Nkurunziza,enwiki,Human
Q7193787,25473988,Pilar Pellicer,enwiki,Human
Q160009,215566,Pink (singer),enwiki,Human
Q130853,261659,Plácido Domingo,enwiki,Human
Q93579649,63888997,Plandemic,enwiki,Others
Q7242108,3864076,Preta Gil,enwiki,Human
Q2720169,1844509,Prince Joachim of Belgium,enwiki,Human
Q75388941,63978975,Princess Diana of Bourbon-Parma,enwiki,Human
Q55998474,63501675,Princess María Teresa of Bourbon-Parma,enwiki,Human
Q91280428,63678830,Protests over responses to the COVID-19 pandemic,enwiki,Others
Q88471669,63452976,Qiu Jun (bodybuilder),enwiki,Human
Q1945815,57389355,Quim Torra,enwiki,Human
Q44735540,62256928,Rachel Matthews,enwiki,Human
Q89118435,63529610,Rafael Gómez Nieto,enwiki,Human
Q4893041,25609721,Rafael Ribó,enwiki,Human
Q11154007,64471644,Ragaa Al Geddawy,enwiki,Human
Q59327278,59190600,Raj Mohan Vohra,enwiki,Human
Q7287844,4714419,Ralph McGehee,enwiki,Human
Q463557,11914121,Rand Paul,enwiki,Human
Q30349124,54350956,Raphaël Gérard,enwiki,Human
Q7295860,7889649,Ratnakar Matkari,enwiki,Human
Q7904384,7222094,Ray Benson,enwiki,Human
Q9066796,64540935,Raymundo Capetillo,enwiki,Human
Q65974925,61396113,Rebecca Ynares,enwiki,Human
Q91218134,64057049,Rebekah Jones,enwiki,Human
Q89272139,63615500,Reggie Bagala,enwiki,Human
Q16733022,42508913,Reginald Murdock,enwiki,Human
Q10359396,64308208,Renato de Jesus,enwiki,Human
Q20417790,61836654,René Trabelsi,enwiki,Human
Q3427126,61539006,Renée Claude,enwiki,Human
Q43109080,55689697,Rex Patrick,enwiki,Human
Q87975990,63417612,Reza Mohammadi Langroudi,enwiki,Human
Q5934127,43561527,Reza Rahmani,enwiki,Human
Q16046461,50014700,Reza Salehi Amiri,enwiki,Human
Q3430000,26147480,Riad Ismat,enwiki,Human
Q5679000,63593557,Riay Tatary,enwiki,Human
Q96147625,64214796,Riaz Sheikh,enwiki,Human
Q1937666,63769531,Ricardo Brennand,enwiki,Human
Q97129737,64513456,Ricardo Mthembu,enwiki,Human
Q7325646,4016512,Richard Fenno,enwiki,Human
Q7324359,6914838,Richard L. Brodsky,enwiki,Human
Q90855527,63716571,Richard Passman,enwiki,Human
Q1438821,1127405,Richard Quest,enwiki,Human
Q7329977,3546126,Richard Wilkins (TV presenter),enwiki,Human
Q87504352,63351580,Rick Cotton,enwiki,Human
Q21035340,63649527,Rick May,enwiki,Human
Q7333210,22662807,Rifat Chadirji,enwiki,Human
Q234144,1088740,Rita Wilson,enwiki,Human
Q16205227,40504267,Ritchie Torres,enwiki,Human
Q3938207,30292021,Robert Beck (pentathlete),enwiki,Human
Q3434789,38754044,Robert Chaudenson,enwiki,Human
Q16105925,3882313,Robert H. Garff,enwiki,Human
Q432274,2256686,Robert L. Carroll,enwiki,Human
Q7347307,36365179,Robert Mandell (conductor),enwiki,Human
Q87558710,63354673,Roberto Stella,enwiki,Human
Q3816656,29634312,Rodolfo González Rissotto,enwiki,Human
Q89388934,63570047,Rodrigo Pesántez Rodas,enwiki,Human
Q16105298,40333323,Roger Chappot,enwiki,Human
Q5979729,14193987,Roger Matthews (criminologist),enwiki,Human
Q41798703,56509678,Romain Lagarde,enwiki,Human
Q88946519,63576875,Romi Cohn,enwiki,Human
Q88720923,63526420,Rose Marie Compaoré,enwiki,Human
Q7373072,5573819,Roy Lester,enwiki,Human
Q3446792,33834598,Rudy Gobert,enwiki,Human
Q196185,16555375,Russell Westbrook,enwiki,Human
Q201900,345255,Rüştü Reçber,enwiki,Human
Q7384599,304642,Ryan Tubridy,enwiki,Human
Q18402123,58344488,Sajjad Ganjzadeh,enwiki,Human
Q95390382,64055504,Sally Rowley,enwiki,Human
Q3470332,32698700,Salvador Pérez,enwiki,Human
Q23014942,49660292,Salvatore Farina (general),enwiki,Human
Q27514682,63651322,Samuel Wembé,enwiki,Human
Q3471309,30864177,Samvel Gasparov,enwiki,Human
Q2745548,1438859,Sandi Patty,enwiki,Human
Q30344568,54367803,Sandrine Mörch,enwiki,Human
Q11703587,48123599,Santiago Abascal,enwiki,Human
Q3572419,23917269,Santiago Lanzuela,enwiki,Human
Q6120996,64600947,Santiago Manuin Valera,enwiki,Human
Q230445,6100815,Sara Bareilles,enwiki,Human
Q3473390,2854891,Sarah Maldoror,enwiki,Human
Q708158,47767217,Scarface (rapper),enwiki,Human
Q4356594,3147509,Scott Erskine,enwiki,Human
Q7437325,31602594,Scott Stricklin (athletic director),enwiki,Human
Q2414784,3756015,Sean Payton,enwiki,Human
Q465470,3520111,Sébastien Chabal,enwiki,Human
Q91686786,63751194,Sékou Kourouma,enwiki,Human
Q3479546,49021224,Serge Telle,enwiki,Human
Q3956022,63427679,Sergio Bassi,enwiki,Human
Q3479678,25578310,Sergio Onofre Jarpa,enwiki,Human
Q22921036,36224001,Sergio Rossi (shoe designer),enwiki,Human
Q7666107,3405336,Sérgio Sant'Anna,enwiki,Human
Q17372415,57133013,Serhii Shakhov,enwiki,Human
Q7456461,4939480,Seth Doane,enwiki,Human
Q82069695,63086376,Severe acute respiratory syndrome coronavirus 2,enwiki,Others
Q278567,64464527,Severe acute respiratory syndrome–related coronavirus,enwiki,Others
Q17486606,43368125,Seyi Makinde,enwiki,Human
Q24005995,50245258,Shadab Khan,enwiki,Human
Q56065399,58120551,Shaheen Raza,enwiki,Human
Q380445,554074,Shahid Afridi,enwiki,Human
Q91655944,63760500,Shahin Shahablou,enwiki,Human
Q47411298,56314472,Shaukat Manzoor Cheema,enwiki,Human
Q392329,38995652,Shintaro Fujinami,enwiki,Human
Q94249876,63981286,Shobushi Kanji,enwiki,Human
Q7500248,10325808,Sholom Lipskar,enwiki,Human
Q1753869,63806751,Silas Silvius Njiru,enwiki,Human
Q88312064,63460643,Siméon Sawadogo,enwiki,Human
Q7518233,7820973,Simon Barrington-Ward,enwiki,Human
Q22278600,49121140,Siobhán Killeen,enwiki,Human
Q25464758,57932086,Slaviša Kokeza,enwiki,Human
Q512592,1627404,Slim Thug,enwiki,Human
Q85872065,63025456,Social impact of the COVID-19 pandemic,enwiki,Others
Q20962336,44460127,Socrates Brito,enwiki,Human
Q2133872,15670748,Sonny Angara,enwiki,Human
Q3788185,2403933,Sophie Grégoire Trudeau,enwiki,Human
Q959755,4130245,South by Southwest,enwiki,Others
Q16226957,42177353,Spencer Dinwiddie,enwiki,Human
Q12897461,63460827,Stanislas Ouaro,enwiki,Human
Q16093633,41680773,Stanley Chera,enwiki,Human
Q100419,27671357,Stefan Lippe,enwiki,Human
Q509377,37305166,Stefan Thesker,enwiki,Human
Q61161331,63416169,Stephen Schwartz (pathologist),enwiki,Human
Q927918,29440178,Stephen Sulyk,enwiki,Human
Q16105794,38168241,Stephen Susman,enwiki,Human
Q3084441,1377339,Steve Dalkowski,enwiki,Human
Q728753,294079,Steve Di Giorgio,enwiki,Human
Q18275390,13005238,Steve Padilla,enwiki,Human
Q7614463,3133353,Steven Avery,enwiki,Human
Q88605041,63475222,Steven Dick,enwiki,Human
Q16736403,42522959,Sturgill Simpson,enwiki,Human
Q211691,26061392,Suk Hyun-jun,enwiki,Human
Q93377076,63869590,Suleiman Adamu,enwiki,Human
Q65548621,61262917,Suresh Amonkar,enwiki,Human
Q64152202,60896249,Susan McDonald,enwiki,Human
Q92409837,63880084,Syahrul,enwiki,Human
Q29850769,53983933,Sydney Wiese,enwiki,Human
Q16977833,42367824,Syed Fazal Agha,enwiki,Human
Q12971471,51524693,Sylvia Sanchez,enwiki,Human
Q30348935,54395560,Sylvie Charrière,enwiki,Human
Q3507399,63327660,Sylvie Tolmont,enwiki,Human
Q92791254,63848806,Sylvie Vincent,enwiki,Human
Q30934020,58238640,Takumi Nagaishi,enwiki,Human
Q7679487,2239911,Talib Jauhari,enwiki,Human
Q11635752,55725555,Tamao Akae,enwiki,Human
Q3981101,64070629,Tarcisio Stramare,enwiki,Human
Q21063926,47450781,Taurean Prince,enwiki,Human
Q35342309,64279046,Tawfiq al-Yasiri,enwiki,Human
Q91146921,63707797,Ted Monette,enwiki,Human
Q7693568,38139961,Ted O'Brien,enwiki,Human
Q94580968,63978086,Tendol Gyalzur,enwiki,Human
Q1566335,271876,Terrence McNally,enwiki,Human
Q2915906,8732349,Teruyuki Okazaki,enwiki,Human
Q7706939,31298444,Tetsuya Funatsu,enwiki,Human
Q22095691,47921257,Thandika Mkandawire,enwiki,Human
Q74109183,60448822,The Boat Race 2020,enwiki,Others
Q88667743,63485096,"The Health Protection (Coronavirus, Restrictions) (England) Regulations 2020",enwiki,Others
Q50198692,56696709,Thiago Seyboth Wild,enwiki,Human
Q1349233,5703734,Thierry Dusautoir,enwiki,Human
Q213616,1468146,Thomas Kahlenberg,enwiki,Human
Q32291770,58062922,Thomas Kunz,enwiki,Human
Q1527508,63388385,Thomas Sattelberger,enwiki,Human
Q98485,63504322,Thomas Schäfer,enwiki,Human
Q914201,55214,Tim Brooke-Taylor,enwiki,Human
Q7804179,20991465,Tim Robinson (cartographer),enwiki,Human
Q83493517,63052529,Timeline of the COVID-19 pandemic,enwiki,Others
Q89016387,63274783,Timeline of the COVID-19 pandemic in April 2020,enwiki,Others
Q85173796,63052506,Timeline of the COVID-19 pandemic in February 2020,enwiki,Others
Q84897850,62907297,Timeline of the COVID-19 pandemic in January 2020,enwiki,Others
Q96728989,63878187,Timeline of the COVID-19 pandemic in July 2020,enwiki,Others
Q96048874,63808469,Timeline of the COVID-19 pandemic in June 2020,enwiki,Others
Q87774378,63216082,Timeline of the COVID-19 pandemic in March 2020,enwiki,Others
Q92600442,63384404,Timeline of the COVID-19 pandemic in May 2020,enwiki,Others
Q51846167,57126569,Timo Hübers,enwiki,Human
Q16730116,32003225,Tito Jackson (politician),enwiki,Human
Q425154,9134392,Tocilizumab,enwiki,Others
Q2439627,324325,Tom Dempsey,enwiki,Human
Q2263,43568,Tom Hanks,enwiki,Human
Q91776753,63751960,Tom Scully (football manager),enwiki,Human
Q89107781,63528065,Tomas Oneborg,enwiki,Human
Q7818846,38621270,Tomi Juric,enwiki,Human
Q2441014,31973548,Tommy Hottovy,enwiki,Human
Q18016093,43765223,Tommy Pham,enwiki,Human
Q91719339,63753481,Ton van den Heuvel,enwiki,Human
Q1490861,486590,Tony Boselli,enwiki,Human
Q107249,419248,Tony Shalhoub,enwiki,Human
Q329487,13433307,Torbjørn Røe Isaksen,enwiki,Human
Q16886170,42493183,Touki Toussaint,enwiki,Human
Q90397081,63637283,TraceTogether,enwiki,Others
Q87073833,63262736,Travel restrictions related to the COVID-19 pandemic,enwiki,Others
Q2486104,31715027,Trey Thompkins,enwiki,Human
Q973226,15337822,Tristán Ulloa,enwiki,Human
Q20685591,46248633,Troy Sneed,enwiki,Human
Q2462506,2690469,Ty (rapper),enwiki,Human
Q16929591,39659001,Tyler Glasnow,enwiki,Human
Q70036528,62003041,Tyrone Carter (politician),enwiki,Human
Q6065858,63864266,Ülkü Azrak,enwiki,Human
Q4006322,63735870,Urano Navarrini,enwiki,Human
Q88799719,63493345,Usama Riaz,enwiki,Human
Q753852,231169,USS Theodore Roosevelt (CVN-71),enwiki,Others
Q465989,20492669,Valérie Boyer,enwiki,Human
Q18613182,50809878,Vianney (singer),enwiki,Human
Q11954665,63449381,Vicenç Capdevila,enwiki,Human
Q93838244,63911620,Vicente André Gomes,enwiki,Human
Q90424601,63675853,Victor Batista Falla,enwiki,Human
Q973020,64580703,Víctor Víctor,enwiki,Human
Q89090767,63535922,Viktar Dashkevich,enwiki,Human
Q148225,12450517,Viktor Troicki,enwiki,Human
Q89669404,64051998,Vincent Lionti,enwiki,Human
Q527026,4262476,Vincent Malone,enwiki,Human
Q92743,32433,Vint Cerf,enwiki,Human
Q56195647,64164571,Vitor Sapienza,enwiki,Human
Q679049,7119776,Vittorio Gregotti,enwiki,Human
Q16672105,64088803,Vladimir Lopukhin,enwiki,Human
Q1823140,24848538,Von Miller,enwiki,Human
Q7945702,20485252,W. Ian Lipkin,enwiki,Human
Q7564291,15556232,Wahab Riaz,enwiki,Human
Q67163842,61703774,Wala'a Essam al-Boushi,enwiki,Human
Q343378,1547307,Wallace Roney,enwiki,Human
Q30320385,63458539,Walter Robb (engineer),enwiki,Human
Q2524068,64443391,Wanderley Mariz,enwiki,Human
Q85882549,63441846,Wang Guangfa,enwiki,Human
Q85354114,63361784,Wang Xianliang,enwiki,Human
Q87697765,63561545,Wen Zengxian,enwiki,Human
Q27733794,54282601,Westside Gunn,enwiki,Human
Q89526192,63576257,Wilhelm Burmann,enwiki,Human
Q3568303,35903617,Will Smith (pitcher),enwiki,Human
Q70278592,62005267,William B. Helmreich,enwiki,Human
Q8009341,34229463,William Frankland (allergist),enwiki,Human
Q2579054,21409177,William H. Gerdts,enwiki,Human
Q8018795,19861724,William Stern (businessman),enwiki,Human
Q89300558,63544387,William Wolf (critic),enwiki,Human
Q55314883,57793393,Willians Astudillo,enwiki,Human
Q10393782,64000768,Wilson Braga,enwiki,Human
Q94972710,64029199,Wilson Roosevelt Jerman,enwiki,Human
Q38668457,55093532,Wong Ling Biu,enwiki,Human
Q4468223,25996233,Wu Lei,enwiki,Human
Q1660441,2156200,Wuhan Metro,enwiki,Others
Q8040173,11147360,Wynn Handman,enwiki,Human
Q16327356,63110730,Xanthi Carnival,enwiki,Others
Q3570660,63569148,Xavier Dor,enwiki,Human
Q11705387,49011034,Xavier García Albiol,enwiki,Human
Q973064,9791655,Xavier Trias,enwiki,Human
Q2120884,13194710,Yaakov Litzman,enwiki,Human
Q8046301,12841278,Yaakov Perlow,enwiki,Human
Q11101097,44561847,"Yang Xiaobo (politician, born 1963)",enwiki,Human
Q56276347,58071497,YNW Melly,enwiki,Human
Q17306297,43185907,Yoan Moncada,enwiki,Human
Q93614577,63875048,Yoshio (singer),enwiki,Human
Q2283905,10907758,Youp van 't Hek,enwiki,Human
Q8059945,1848125,Yu Lihua,enwiki,Human
Q6140367,63930151,Yukio Okamoto,enwiki,Human
Q19611679,63641401,Yusuf Kenan Sönmez,enwiki,Human
Q3574072,41228220,Yvon Berland,enwiki,Human
Q1872988,63553426,Zaccaria Cometti,enwiki,Human
Q88463634,63378348,Zafar Mirza,enwiki,Human
Q92206621,63788424,Zafar Rasheed Bhatti,enwiki,Human
Q90416143,63648155,Zafar Sarfraz,enwiki,Human
Q9096750,39999358,Zhong Nanshan,enwiki,Human
Q16048408,54198006,Zohreh Elahian,enwiki,Human
Q88394294,63461018,Zororo Makamba,enwiki,Human