QID,page_id,item,wiki_db,category
Q10304982,6320140,雅伊爾·博索納羅,zhwiki,Human
Q1067412,6976945,洛伦佐·桑斯,zhwiki,Human
Q107249,5215708,托尼·舍卢卜,zhwiki,Human
Q11101097,3408755,杨晓波_(1963年),zhwiki,Human
Q1133513,1479768,阿羅魯迪斯·查普曼,zhwiki,Human
Q11417946,7025074,和田周,zhwiki,Human
Q11456953,5182243,富川悠太,zhwiki,Human
Q11473366,7021436,岡江久美子,zhwiki,Human
Q1151614,3219270,尼克·沃特尼,zhwiki,Human
Q11703587,6739772,圣地亚哥·阿瓦斯卡尔,zhwiki,Human
Q11720946,6951388,雅罗斯瓦夫·米卡,zhwiki,Human
Q1240022,7022998,唐纳德·肯尼迪,zhwiki,Human
Q125663,3709769,鮑里斯·阿庫寧,zhwiki,Human
Q1270426,3120278,麥西米利安諾·埃利爾·里切茲,zhwiki,Human
Q12897461,6980638,斯坦尼斯拉斯·瓦罗,zhwiki,Human
Q129816,4780008,馬諾羅·加比亞迪尼,zhwiki,Human
Q130853,393899,普拉西多·多明哥,zhwiki,Human
Q1317442,3351677,艾瑞克·布萊德索,zhwiki,Human
Q1320080,301039,志村健,zhwiki,Human
Q1332769,6946853,尼古拉·津加雷蒂,zhwiki,Human
Q1383590,6988530,帕特里克·德维让,zhwiki,Human
Q1431761,5189770,麥克·凱利,zhwiki,Human
Q1438821,5183418,李察·奎斯特,zhwiki,Human
Q148225,906242,維克托·特羅伊茨基,zhwiki,Human
Q14905846,4188990,博爾納·丘里奇,zhwiki,Human
Q15396247,4795954,何塞·路易斯·加亚,zhwiki,Human
Q1545256,6998962,戈约·贝尼托,zhwiki,Human
Q154855,547063,哈维尔·索拉纳,zhwiki,Human
Q15830919,4780040,達尼埃萊·盧加尼,zhwiki,Human
Q160009,1071524,粉红佳人,zhwiki,Human
Q16045603,6944661,穆罕默德·萨德尔_(外交官),zhwiki,Human
Q16048976,6950987,伊斯梅尔·纳杰尔,zhwiki,Human
Q16052285,6940687,穆罕默德·米尔-穆罕默迪,zhwiki,Human
Q16093633,7008362,斯坦利·切拉,zhwiki,Human
Q16226957,6462526,史賓賽·丁威迪,zhwiki,Human
Q16234113,6892889,格瑞戈里·波朗柯,zhwiki,Human
Q16236903,7111983,奧斯汀·米多斯,zhwiki,Human
Q164730,461650,歐嘉·柯瑞蘭寇,zhwiki,Human
Q1655924,3228316,喬治·斯蒂芬諾伯羅斯,zhwiki,Human
Q16581287,6800266,珍妮·艾尼茲,zhwiki,Human
Q1660441,458963,武汉地铁,zhwiki,Others
Q166317,4785579,保羅·戴巴拿,zhwiki,Human
Q16656949,7000296,米什克·卡扎良,zhwiki,Human
Q16672105,7061187,弗拉基米尔·米哈伊洛维奇·洛普欣,zhwiki,Human
Q16885630,6942485,侯赛因·谢赫伊斯兰,zhwiki,Human
Q16929591,7118588,泰勒·格拉斯諾,zhwiki,Human
Q17160443,7039375,天豆琴美,zhwiki,Human
Q17266671,6948323,阿尔贝托·奇里奥,zhwiki,Human
Q17281073,5519532,尼古拉·約基奇,zhwiki,Human
Q17305299,5463037,法蘭西斯·蒂亞弗,zhwiki,Human
Q17306297,6452883,約恩·孟卡達,zhwiki,Human
Q173923,937146,伊利亚·佩特科维奇,zhwiki,Human
Q17465755,5976249,麥爾坎·波格登,zhwiki,Human
Q1771,6771970,伊赫桑·哈达迪,zhwiki,Human
Q1789955,7080618,卡洛斯·莱萨,zhwiki,Human
Q18043515,7037147,叶夫根尼·米克林,zhwiki,Human
Q180589,6688882,鲍里斯·约翰逊,zhwiki,Human
Q18345498,6975825,米尔加·格拉日尼特-蒂拉,zhwiki,Human
Q185572,653214,米克尔·阿特塔,zhwiki,Human
Q1868688,6983377,马克·布鲁姆,zhwiki,Human
Q187058,533086,阿彼锡·巴克罕,zhwiki,Human
Q187198,267934,肯尼·达格利什,zhwiki,Human
Q1921,4018876,布莱瑟·马图伊迪,zhwiki,Human
Q19361829,6957304,乔凡尼·巴蒂斯塔·拉比诺,zhwiki,Human
Q19376488,6954676,朱寶玉,zhwiki,Human
Q1942631,6997053,穆罕默德-礼萨·哈塔米,zhwiki,Human
Q1945815,6327272,奎姆·托拉,zhwiki,Human
Q196185,816003,羅素·衛斯特布魯克,zhwiki,Human
Q19663167,5393010,巴迪·希尔德,zhwiki,Human
Q19974584,7016479,卢克曼·尼奥德,zhwiki,Human
Q2014922,6931019,安迪·科恩,zhwiki,Human
Q201900,818876,鲁斯图·雷茨贝尔,zhwiki,Human
Q204279,219062,戈蘭·伊雲尼斯域,zhwiki,Human
Q205778,872935,帕维尔·波格列布尼亚克,zhwiki,Human
Q207399,1098962,馬爾科·潘特利奇,zhwiki,Human
Q2083681,6976889,埃斯佩兰萨·阿吉雷,zhwiki,Human
Q20971281,6407240,安傑洛·德多納蒂斯,zhwiki,Human
Q211691,1254262,石現俊,zhwiki,Human
Q2130136,5911536,香港西九龍站,zhwiki,Others
Q213616,1318498,托马斯·卡伦博格,zhwiki,Human
Q21405631,6973873,哈米德·卡赫拉姆,zhwiki,Human
Q21674648,6983118,穆罕默德·基亚瓦什,zhwiki,Human
Q21706297,6666102,伊雷内·蒙特罗,zhwiki,Human
Q22095691,7090087,谭第卡·麦坎达维尔,zhwiki,Human
Q222851,4800149,哈里森·巴恩斯,zhwiki,Human
Q2263,54726,汤姆·汉克斯,zhwiki,Human
Q22921036,6996493,塞爾焦·羅西,zhwiki,Human
Q23014942,6948752,萨尔瓦多莱·法利纳_(将军),zhwiki,Human
Q23024142,6930151,穆杰塔巴·宗努尔,zhwiki,Human
Q230445,813074,莎拉·芭瑞黎絲,zhwiki,Human
Q2317740,1170517,杰森·科林斯,zhwiki,Human
Q234144,6959422,麗塔·威爾遜,zhwiki,Human
Q23948211,7004192,山下麻美,zhwiki,Human
Q2414784,6974608,肖恩·佩顿,zhwiki,Human
Q24572712,6917366,多米尼克·卡明斯,zhwiki,Human
Q25115075,6980654,阿尔法·巴里,zhwiki,Human
Q25425597,6983051,玛苏梅·阿加普尔·阿里沙希,zhwiki,Human
Q258586,6952164,娜汀·多里斯,zhwiki,Human
Q2614472,6598572,卡门·卡尔沃,zhwiki,Human
Q262203,872817,菲迪·泰廉,zhwiki,Human
Q2622339,5024565,列夫·瓦列里揚諾維奇·列先科,zhwiki,Human
Q2633169,3419253,田嶋幸三,zhwiki,Human
Q267724,6979382,露西娅·波塞,zhwiki,Human
Q268961,48331,約翰·何頓·康威,zhwiki,Human
Q271933,365226,帕特里克·尤因,zhwiki,Human
Q2720169,4477457,约阿希姆王子_(比利时),zhwiki,Human
Q275169,893662,马罗阿尼·费莱尼,zhwiki,Human
Q27664982,6978689,第五代格里尼翁侯爵卡洛斯·法尔科,zhwiki,Human
Q27733851,5521767,尼爾·鄧恩,zhwiki,Human
Q278567,4807256,嚴重急性呼吸系統綜合症相關冠狀病毒,zhwiki,Others
Q2818923,6148399,A·J·波拉克,zhwiki,Human
Q2824007,6993332,亚当·施莱辛格,zhwiki,Human
Q28377792,5877091,帕特里克·库特罗内,zhwiki,Human
Q28687829,6565485,長坂拳彌,zhwiki,Human
Q2871915,6980239,奥尔吕斯·马贝莱,zhwiki,Human
Q29230,130741,马尔蒂·阿赫蒂萨里,zhwiki,Human
Q29545,557836,凯文·杜兰特,zhwiki,Human
Q2960824,6739824,查理·布萊克蒙,zhwiki,Human
Q296684,1080878,埃兹奎尔·加雷,zhwiki,Human
Q296724,1642476,马哈茂德·吉卜里勒,zhwiki,Human
Q299700,1183302,金大賢,zhwiki,Human
Q30081749,6934009,哈迪·霍斯罗沙希,zhwiki,Human
Q3011059,6444537,D·J·勒馬修,zhwiki,Human
Q30122104,6008058,多诺万·米切尔,zhwiki,Human
Q3046479,5740047,埃爾文·恩加佩斯,zhwiki,Human
Q3054705,6737506,恩里克·穆希卡,zhwiki,Human
Q3084441,156816,史蒂夫·达尔科夫斯基,zhwiki,Human
Q3087003,6466807,弗萊迪·弗里曼,zhwiki,Human
Q31451910,7061048,穆卡尔·乔尔蓬巴耶夫,zhwiki,Human
Q314861,508083,路易斯·费尔南德斯,zhwiki,Human
Q3167246,6948809,让-吕克·赖策,zhwiki,Human
Q31741007,6990289,皮尔森·乔丹,zhwiki,Human
Q3180917,7031964,易卜拉欣·阿米尼,zhwiki,Human
Q318410,1099449,卡梅伦·范德伯格,zhwiki,Human
Q318991,614984,蓋得·艾馬勒,zhwiki,Human
Q321770,2956594,亞倫·特維特,zhwiki,Human
Q3265723,6979536,吕西安·塞夫,zhwiki,Human
Q3290692,6986022,玛格丽特·德里达,zhwiki,Human
Q334126,6939640,路易斯·塞普尔维达,zhwiki,Human
Q336363,6949399,阿里·拉里贾尼,zhwiki,Human
Q3374,218801,安娜-苏菲·穆特,zhwiki,Human
Q337681,3144773,格里戈爾·季米特洛夫,zhwiki,Human
Q3390432,7090291,贝尼托·霍安内,zhwiki,Human
Q342604,1831701,伊德瑞斯·艾尔巴,zhwiki,Human
Q3446792,5622834,鲁迪·戈贝尔,zhwiki,Human
Q344983,422264,娃娃臉_(藝人),zhwiki,Human
Q34660,40039,J·K·罗琳,zhwiki,Human
Q3470332,5274130,薩爾瓦多·培瑞茲,zhwiki,Human
Q3479546,5590671,塞爾日·特勒,zhwiki,Human
Q349311,6942472,穆斯塔法·普尔-穆罕默迪,zhwiki,Human
Q35191,934401,威尼斯嘉年華會,zhwiki,Others
Q352696,732622,迈克尔·比斯利,zhwiki,Human
Q355009,5259240,傑克遜·布朗,zhwiki,Human
Q359010,5314398,格雷格·里卡特,zhwiki,Human
Q36338926,6954789,阿里·阿斯加尔·穆尼桑,zhwiki,Human
Q371652,4795164,阿爾賓·埃克達爾,zhwiki,Human
Q3753357,7007100,卡洛斯·塞科·塞拉诺,zhwiki,Human
Q3758095,3371328,刚坚·洛桑土旦·赤列雅培,zhwiki,Human
Q3788185,6096722,蘇菲·格雷戈瓦·杜魯多,zhwiki,Human
Q3798974,7090283,因诺琴佐·多尼纳,zhwiki,Human
Q3804395,6957273,伊塔洛·德赞,zhwiki,Human
Q380445,6108092,沙希德·阿弗里迪,zhwiki,Human
Q3810475,6987880,何塞·路易斯·卡蓬,zhwiki,Human
Q382700,6947864,布雷特·迪恩,zhwiki,Human
Q3838576,7090278,卢恰诺·费代里奇,zhwiki,Human
Q38668457,6959670,黄灵彪,zhwiki,Human
Q3903362,7090122,皮耶罗·施莱辛格,zhwiki,Human
Q3910,521071,阿尔贝二世_(摩纳哥),zhwiki,Human
Q392329,4355616,藤浪晋太郎,zhwiki,Human
Q422252,938875,地塞米松,zhwiki,Others
Q42396622,6551245,卡勒姆·哈德森-奧多伊,zhwiki,Human
Q42402,677383,安德烈·波伽利,zhwiki,Human
Q4298520,6875626,米哈伊尔·米舒斯京,zhwiki,Human
Q430746,7015710,諾曼·亨特,zhwiki,Human
Q43274,75543,威爾斯親王查爾斯,zhwiki,Human
Q433215,6734283,安娜·帕斯托尔·胡利安,zhwiki,Human
Q438465,6437460,米歇爾·巴尼耶,zhwiki,Human
Q439354,6956437,阿里·阿克巴尔·韦拉亚提,zhwiki,Human
Q445829,6980227,马努·迪班戈,zhwiki,Human
Q4468223,1192093,武磊,zhwiki,Human
Q451302,6992531,努尔·哈桑·侯赛因,zhwiki,Human
Q463557,4698817,兰德·保罗,zhwiki,Human
Q463585,6594532,英迪拉·瓦爾瑪,zhwiki,Human
Q466012,6142831,巴托斯·貝雷辛內斯基,zhwiki,Human
Q4667894,7093463,阿比奥拉·阿吉莫比,zhwiki,Human
Q47059,4032849,艾西瓦娅·雷,zhwiki,Human
Q4717362,4806310,亚历克斯·莱恩_(篮球运动员),zhwiki,Human
Q4720226,6998790,第七代巴斯侯爵亞歷山大·錫恩,zhwiki,Human
Q4738985,7012463,阿玛比埃,zhwiki,Others
Q47668952,5908323,段正澄,zhwiki,Human
Q478161,4802165,马修·汉考克,zhwiki,Human
Q483027,107451,保罗·马尔蒂尼,zhwiki,Human
Q4832169,6988409,阿扎姆·汗_(壁球運動員),zhwiki,Human
Q4886138,6472175,本·麥克亞當斯,zhwiki,Human
Q48872746,6986387,宗像直美,zhwiki,Human
Q491019,1826942,赫尔曼·凯恩,zhwiki,Human
Q50634772,6973683,伊莎贝尔·迪亚斯·阿尤索,zhwiki,Human
Q5112179,6992579,克里斯·科莫,zhwiki,Human
Q51846167,6953122,蒂莫·许贝尔,zhwiki,Human
Q520296,7002074,约翰·普莱恩,zhwiki,Human
Q5297824,1508551,多利_(足球运动员),zhwiki,Human
Q5297905,5607605,朵莉絲·柏克,zhwiki,Human
Q531599,3375552,哈維·溫斯坦,zhwiki,Human
Q536199,6983453,安杰洛·莫雷斯基,zhwiki,Human
Q5397780,6943216,埃沙格·贾汉吉里,zhwiki,Human
Q5435227,6972401,法里博尔兹·赖斯达那,zhwiki,Human
Q556314,4352305,斐理伯·歐德拉戈,zhwiki,Human
Q55847698,6968735,俞利文,zhwiki,Human
Q558820,1800758,酒井高德,zhwiki,Human
Q55998474,6986256,玛丽亚·特蕾莎·德·波旁-帕尔马,zhwiki,Human
Q56276347,7054257,YNW_Melly,zhwiki,Human
Q566257,6344633,弗雷德里希·梅尔茨,zhwiki,Human
Q5686109,6581223,伊藤隼太,zhwiki,Human
Q573246,1203809,安东尼·弗契,zhwiki,Human
Q57343,422727,皮埃尔·恩库伦齐扎,zhwiki,Human
Q5753193,7077607,卡罗琳娜·达里亚斯,zhwiki,Human
Q57567,4789939,喬爾·馬蒂普,zhwiki,Human
Q579231,4746483,伊利亞金·文加拉,zhwiki,Human
Q5812,519056,諾瓦克·喬科維奇,zhwiki,Human
Q5835086,6961678,米诺·莫拉兹,zhwiki,Human
Q5934127,6998646,雷扎·拉哈马尼,zhwiki,Human
Q5939731,6979401,何塞·福尔加多,zhwiki,Human
Q5946269,6946560,法蒂玛·拉赫巴尔,zhwiki,Human
Q5951723,3906209,胡安·奥兰多·埃尔南德斯,zhwiki,Human
Q5959000,6940279,马哈茂德·萨德吉,zhwiki,Human
Q60478,3360505,德安德鲁·乔丹,zhwiki,Human
Q6089269,6974945,艾塔奇·亚尔曼,zhwiki,Human
Q6110020,4805531,賈巴里·帕克,zhwiki,Human
Q61161331,7089860,史蒂夫·舒瓦茨_(病理学家),zhwiki,Human
Q6137546,6990216,詹姆斯·劳伦斯·多兰,zhwiki,Human
Q6140367,7044219,岡本行夫,zhwiki,Human
Q6140775,5370449,詹姆斯·高曼,zhwiki,Human
Q6363189,6975953,卡妮卡·卡普爾,zhwiki,Human
Q6438398,6596551,克里斯多佛·希夫哲,zhwiki,Human
Q64463,6952196,弗蘭克·里斯特,zhwiki,Human
Q64732854,7000596,凱莉·西蒙茲,zhwiki,Human
Q64784373,6878361,小宮璃央,zhwiki,Human
Q6504550,6981253,劳伦斯·巴科,zhwiki,Human
Q6555796,6961760,哈希姆·巴特哈伊·戈勒派耶甘尼,zhwiki,Human
Q67480081,6959113,韓天芑,zhwiki,Human
Q6756606,7090037,马塞洛·佩拉尔塔,zhwiki,Human
Q6757719,4783913,馬爾科·斯波爾蒂耶洛,zhwiki,Human
Q6758454,4736938,馬庫斯·史馬特,zhwiki,Human
Q679049,6963867,維多利歐·葛雷高第,zhwiki,Human
Q691911,3243445,米切爾·朗格拉克,zhwiki,Human
Q6925992,6995101,穆萨·舒拜里·赞贾尼,zhwiki,Human
Q700558,1621450,彼德·美臣,zhwiki,Human
Q7173778,5175854,彼德·達頓,zhwiki,Human
Q738196,6929394,玛苏梅·埃卜特卡尔,zhwiki,Human
Q740411,1500600,若阿基姆·雍比-奥庞戈,zhwiki,Human
Q753852,39423,西奧多·羅斯福號航空母艦,zhwiki,Others
Q7614463,5193921,史蒂芬·艾弗里,zhwiki,Human
Q767270,5188578,馬里奧·迪亞斯-巴拉特,zhwiki,Human
Q777319,4339456,費利佩·納斯爾,zhwiki,Human
Q7818846,4663403,杜米·祖歷,zhwiki,Human
Q78515,2818226,卡爾·馮·哈布斯堡,zhwiki,Human
Q7945702,6982209,W·伊恩·利普金,zhwiki,Human
Q795924,1219514,世界行動通訊大會,zhwiki,Others
Q8059945,673816,於梨华,zhwiki,Human
Q81068910,6959231,2019冠状病毒病疫情,zhwiki,Bio-Med
Q82069695,6880138,严重急性呼吸系统综合征冠状病毒2,zhwiki,Others
Q82504773,7104863,穆罕默德·亚辛·穆罕默德,zhwiki,Human
Q83264280,6878143,武汉华南海鲜批发市场,zhwiki,Others
Q83493517,6908253,2019冠狀病毒病疫情時間軸,zhwiki,Others
Q83554667,6903120,2019冠狀病毒病中國大陸疫區封鎖措施,zhwiki,Others
Q83554783,6885980,火神山医院,zhwiki,Others
Q83741704,6884910,2019冠狀病毒病全球各地疫情,zhwiki,Others
Q83748229,6887834,中央应对新型冠状病毒肺炎疫情工作领导小组,zhwiki,Others
Q83766264,6886524,雷神山医院,zhwiki,Others
Q83872271,6966081,2019冠状病毒病中国大陆疫情,zhwiki,Region
Q83872291,6901184,2019冠狀病毒病日本疫情,zhwiki,Region
Q83872398,6916159,2019冠狀病毒病韓國疫情,zhwiki,Region
Q83873057,6926532,2019冠状病毒病越南疫情,zhwiki,Region
Q83873387,6903317,2019冠狀病毒病新加坡疫情,zhwiki,Region
Q83873548,6937753,2019冠状病毒病澳大利亚疫情,zhwiki,Region
Q83873556,6902637,2019冠狀病毒病馬來西亞疫情,zhwiki,Region
Q83873566,6903932,2019冠狀病毒病泰國疫情,zhwiki,Region
Q83873577,6903193,2019冠狀病毒病美國疫情,zhwiki,Region
Q83873580,6939542,2019冠状病毒病加拿大疫情,zhwiki,Region
Q83873593,6941765,2019冠狀病毒病法國疫情,zhwiki,Region
Q83888864,6981609,2019冠狀病毒病柬埔寨疫情,zhwiki,Region
Q83889294,6957356,2019冠状病毒病德国疫情,zhwiki,Region
Q84029514,6917051,2019冠狀病毒病浙江省疫情,zhwiki,Region
Q84030045,6926475,2019冠状病毒病阿联酋疫情,zhwiki,Region
Q84055415,6992688,2019冠狀病毒病芬蘭疫情,zhwiki,Region
Q84055514,6995082,2019冠狀病毒病印度疫情,zhwiki,Region
Q84055544,6988068,2019冠狀病毒病菲律賓疫情,zhwiki,Region
Q84081307,6890288,2019冠狀病毒病臺灣疫情,zhwiki,Region
Q84081576,6938508,2019冠状病毒病瑞典疫情,zhwiki,Region
Q84098939,6989439,2019冠狀病毒病俄羅斯疫情,zhwiki,Region
Q84104992,6924575,2019冠状病毒病意大利疫情,zhwiki,Region
Q84146057,6887727,2019冠狀病毒病香港疫情,zhwiki,Region
Q84166704,6930854,2019冠状病毒病西班牙疫情,zhwiki,Region
Q84167106,6930414,2019冠状病毒病英国疫情,zhwiki,Region
Q84263196,6899652,2019冠状病毒病,zhwiki,Others
Q843822,5359699,卡帕斯·博格拉尔卡,zhwiki,Human
Q84446340,6959888,2019冠狀病毒病比利時疫情,zhwiki,Region
Q84497471,6901354,李文亮,zhwiki,Human
Q84590527,6902937,2019冠狀病毒病國際郵輪疫情,zhwiki,Region
Q84737258,6904386,红凌,zhwiki,Human
Q84762892,6906096,2019冠狀病毒病疫情全球撤僑行動,zhwiki,Others
Q84975812,7018565,立石義雄,zhwiki,Human
Q85005219,6909078,林正斌,zhwiki,Human
Q85026836,6917049,2019冠狀病毒病廣東省疫情,zhwiki,Region
Q85098459,6950256,穆罕默德礼萨·拉赫查姆尼,zhwiki,Human
Q85173778,6952749,2019冠狀病毒病疫情相關錯誤資訊,zhwiki,Others
Q85173855,7003061,2019冠状病毒病病例数,zhwiki,Region
Q85245727,6903913,梁武东,zhwiki,Human
Q85332141,6914317,劉壽祥,zhwiki,Human
Q85354114,6898609,王献良,zhwiki,Human
Q85504174,6916134,劉智明_(神經外科專家),zhwiki,Human
Q85853174,6912945,刘筱娴,zhwiki,Human
Q85853305,6916320,許德甫,zhwiki,Human
Q85853522,6920282,肖俊_(医生),zhwiki,Human
Q85853556,6920360,彭银华,zhwiki,Human
Q85872031,6915872,2019冠狀病毒病上海市疫情,zhwiki,Region
Q85872042,6901654,2019冠狀病毒病疫情相關條目索引,zhwiki,Others
Q85872046,6911321,2019冠狀病毒病天津市疫情,zhwiki,Region
Q85872051,6906193,2019冠狀病毒病武漢市疫情,zhwiki,Region
Q85872055,6916782,2019冠狀病毒病江蘇省疫情,zhwiki,Region
Q85872060,6900438,2019冠狀病毒病澳門疫情,zhwiki,Region
Q85872065,6910171,2019冠狀病毒病疫情全球反應與影響,zhwiki,Others
Q85876114,6926695,2019冠状病毒病伊朗疫情,zhwiki,Region
Q85881430,6920668,柳帆,zhwiki,Human
Q85882549,6914022,王廣發,zhwiki,Human
Q860820,395395,宮藤官九郎,zhwiki,Human
Q86206276,6924078,夏思思,zhwiki,Human
Q86206710,6923560,黄文军,zhwiki,Human
Q86359645,6939350,伊拉吉·哈里奇,zhwiki,Human
Q86458103,6968958,2019冠状病毒病欧洲疫情,zhwiki,Region
Q86521237,6969130,2019冠狀病毒病亞洲疫情,zhwiki,Region
Q86597685,6959317,2019冠状病毒病丹麦疫情,zhwiki,Region
Q86597695,6974711,2019冠狀病毒病巴西疫情,zhwiki,Region
Q86628344,6956216,2019冠状病毒病墨西哥疫情,zhwiki,Region
Q86675924,6922335,2019冠狀病毒病朝鮮疫情,zhwiki,Region
Q86694210,6971973,2019冠狀病毒病大洋洲疫情,zhwiki,Region
Q86694744,6970776,2019冠狀病毒病南美洲疫情,zhwiki,Region
Q86694873,6968942,2019冠状病毒病非洲疫情,zhwiki,Region
Q86695115,6970763,2019冠狀病毒病北美洲疫情,zhwiki,Region
Q86709709,6945193,穆罕默德·阿里·拉马扎尼·达斯塔克,zhwiki,Human
Q86717788,6945939,2019冠状病毒病瑞士疫情,zhwiki,Region
Q86731043,6923913,2019冠状病毒病河北省疫情,zhwiki,Region
Q86756826,6959251,2019冠狀病毒病荷蘭疫情,zhwiki,Region
Q86847911,6959925,2019冠狀病毒病奧地利疫情,zhwiki,Region
Q86886544,6947836,2019冠状病毒病挪威疫情,zhwiki,Region
Q86901049,6970140,2019冠状病毒病检测,zhwiki,Others
Q86913546,6979996,2019冠狀病毒病印度尼西亞疫情,zhwiki,Region
Q86919406,6965325,2019冠狀病毒病捷克疫情,zhwiki,Region
Q86948603,6939878,2019冠狀病毒病葡萄牙疫情,zhwiki,Region
Q87058723,7007104,2019冠狀病毒病摩洛哥疫情,zhwiki,Region
Q87068864,6965626,2019冠状病毒病希腊疫情,zhwiki,Region
Q87070975,6942961,2019冠状病毒病以色列疫情,zhwiki,Region
Q87070999,6942977,2019冠状病毒病巴林疫情,zhwiki,Region
Q87073833,6944589,2019冠状病毒病疫情相关旅行限制,zhwiki,Others
Q87116829,6944431,2019冠状病毒病埃及疫情,zhwiki,Region
Q87123561,6985415,2019冠状病毒病圣马力诺疫情,zhwiki,Region
Q87144389,6959241,2019冠状病毒病瓜德罗普疫情,zhwiki,Region
Q87144431,6985287,2019冠状病毒病法属圣马丁疫情,zhwiki,Region
Q87144458,6959219,2019冠状病毒病法属圭亚那疫情,zhwiki,Region
Q87144476,6959227,2019冠状病毒病圣巴泰勒米疫情,zhwiki,Region
Q87151231,6939281,2019冠状病毒病北京市疫情,zhwiki,Region
Q87161441,6959233,2019冠状病毒病马提尼克疫情,zhwiki,Region
Q87162010,6985507,2019冠状病毒病留尼汪疫情,zhwiki,Region
Q87162202,6985467,2019冠状病毒病马约特疫情,zhwiki,Region
Q87171383,7008272,嫉妒-预防新冠版,zhwiki,Others
Q87186117,6947189,2019冠狀病毒病沙特阿拉伯疫情,zhwiki,Region
Q87186365,6954259,2019冠状病毒病爱尔兰疫情,zhwiki,Region
Q87191204,6992660,2019冠狀病毒病智利疫情,zhwiki,Region
Q87193778,6974118,2019冠状病毒病塞尔维亚疫情,zhwiki,Region
Q87202921,6973255,2019冠狀病毒病阿爾及利亞疫情,zhwiki,Region
Q87222526,6984199,2019冠状病毒病梵蒂冈疫情,zhwiki,Region
Q87235137,6994900,2019冠狀病毒病阿根廷疫情,zhwiki,Region
Q87235177,7124493,2019冠狀病毒病烏克蘭疫情,zhwiki,Region
Q87243915,6946347,2019冠狀病毒病南非疫情,zhwiki,Region
Q87245450,6960156,2019冠狀病毒病黎巴嫩疫情,zhwiki,Region
Q87250695,6980612,2019冠状病毒病波兰疫情,zhwiki,Region
Q87250713,6992577,2019冠狀病毒病厄瓜多爾疫情,zhwiki,Region
Q87250732,7010972,2019冠狀病毒病克羅地亞疫情,zhwiki,Region
Q87250752,6995997,2019冠狀病毒病羅馬尼亞疫情,zhwiki,Region
Q87250788,6960103,2019冠狀病毒病白俄羅斯疫情,zhwiki,Region
Q87250803,7027835,2019冠狀病毒病新西蘭疫情,zhwiki,Region
Q87250819,6983951,2019冠状病毒病列支敦士登疫情,zhwiki,Region
Q87250860,6982835,2019冠状病毒病卢森堡疫情,zhwiki,Region
Q87250877,6965830,2019冠状病毒病摩纳哥疫情,zhwiki,Region
Q87250897,6947739,2019冠狀病毒病北馬其頓疫情,zhwiki,Region
Q87250930,6959114,2019冠狀病毒病喀麥隆疫情,zhwiki,Region
Q87250948,6968743,2019冠状病毒病斯洛文尼亚疫情,zhwiki,Region
Q87343682,6959127,2019冠狀病毒病突尼斯疫情,zhwiki,Region
Q87402404,6939375,2019冠状病毒病湖北省疫情,zhwiki,Region
Q87407631,6951423,2020年黑色星期一_(3月9日),zhwiki,Others
Q87409953,6959539,2019冠状病毒病华盛顿州疫情,zhwiki,Region
Q87412028,6960217,2019冠状病毒病文莱疫情,zhwiki,Region
Q87414741,6950059,2019冠状病毒病纽约州疫情,zhwiki,Region
Q87450756,7011014,2019冠狀病毒病阿爾巴尼亞疫情,zhwiki,Region
Q87455852,6951597,2019冠状病毒病加利福尼亚州疫情,zhwiki,Region
Q87473205,6985508,2019冠狀病毒病土耳其疫情,zhwiki,Region
Q87511491,6957262,李且壽,zhwiki,Human
Q87540454,7076728,2019冠狀病毒病孟加拉國疫情,zhwiki,Region
Q87558710,6957300,罗伯托·斯特拉,zhwiki,Human
Q87586492,6956039,2020年黑色星期四,zhwiki,Others
Q87587763,7004931,2019冠狀病毒病秘魯疫情,zhwiki,Region
Q87589392,6969250,2019冠状病毒病洪都拉斯疫情,zhwiki,Region
Q87589400,6949840,2019冠狀病毒病疫情影響的體育賽事列表,zhwiki,Others
Q87592982,6960122,2019冠狀病毒病摩爾多瓦疫情,zhwiki,Region
Q87599914,6955699,2019冠狀病毒病麻薩諸塞州疫情,zhwiki,Region
Q87629158,6959517,2020年国际金融恐慌,zhwiki,Others
Q87648388,6985520,2019冠状病毒病新喀里多尼亚疫情,zhwiki,Region
Q87651970,6959065,2019冠状病毒病几内亚疫情,zhwiki,Region
Q87651995,6957461,2019冠状病毒病哈萨克斯坦疫情,zhwiki,Region
Q87652000,6992502,2019冠狀病毒病巴基斯坦疫情,zhwiki,Region
Q87652750,7089873,纳赛尔·沙巴尼,zhwiki,Human
Q87655119,7010998,2019冠状病毒病科索沃疫情,zhwiki,Region
Q87659698,6959315,2019冠状病毒病圭亚那疫情,zhwiki,Region
Q87662819,6959142,2019冠状病毒病多哥疫情,zhwiki,Region
Q87663590,6957343,2019冠状病毒病新泽西州疫情,zhwiki,Region
Q87664046,6959223,2019冠状病毒病苏里南疫情,zhwiki,Region
Q87665038,6959106,2019冠状病毒病埃塞俄比亚疫情,zhwiki,Region
Q87665364,6959110,2019冠状病毒病布基纳法索疫情,zhwiki,Region
Q87666042,6959103,2019冠状病毒病加蓬疫情,zhwiki,Region
Q87666247,6959100,2019冠状病毒病加纳疫情,zhwiki,Region
Q87687648,6959259,2019冠状病毒病圣文森特和格林纳丁斯疫情,zhwiki,Region
Q87694131,6959157,2019冠状病毒病特立尼达和多巴哥疫情,zhwiki,Region
Q87697632,6957640,陳北洋,zhwiki,Human
Q87697765,6958524,文增显,zhwiki,Human
Q87703284,6959057,黃謀宏,zhwiki,Human
Q87704267,6959087,2019冠状病毒病科特迪瓦疫情,zhwiki,Region
Q87705884,6959108,2019冠状病毒病肯尼亚疫情,zhwiki,Region
Q87706558,6959118,2019冠状病毒病刚果民主共和国疫情,zhwiki,Region
Q87707727,6959164,2019冠状病毒病圣卢西亚疫情,zhwiki,Region
Q87708331,6959148,2019冠状病毒病安提瓜和巴布达疫情,zhwiki,Region
Q87708719,6959152,2019冠状病毒病阿鲁巴疫情,zhwiki,Region
Q87708832,6960155,2019冠状病毒病蒙古疫情,zhwiki,Region
Q87709760,6959168,2019冠状病毒病库拉索疫情,zhwiki,Region
Q87709900,6959179,2019冠状病毒病毛里塔尼亚疫情,zhwiki,Region
Q87709973,6959174,2019冠状病毒病斯威士兰疫情,zhwiki,Region
Q87714704,6965808,2019冠状病毒病卢旺达疫情,zhwiki,Region
Q87715166,6959920,2019冠状病毒病不丹疫情,zhwiki,Region
Q87718451,6969152,2019冠状病毒病尼日利亚疫情,zhwiki,Region
Q87729500,6959911,2019冠状病毒病塞舌尔疫情,zhwiki,Region
Q87729501,6959904,2019冠狀病毒病納米比亞疫情,zhwiki,Region
Q87730008,6959933,2019冠状病毒病开曼群岛疫情,zhwiki,Region
Q87730011,6959942,2019冠状病毒病美属维尔京群岛疫情,zhwiki,Region
Q87733671,6965403,2019冠状病毒病卡塔尔疫情,zhwiki,Region
Q87739744,6961984,2019冠状病毒病根西岛疫情,zhwiki,Region
Q87740086,6961998,2019冠状病毒病直布罗陀疫情,zhwiki,Region
Q87740092,6962002,2019冠狀病毒病澤西疫情,zhwiki,Region
Q87742064,6959970,2019冠状病毒病赤道几内亚疫情,zhwiki,Region
Q87742085,6959979,2019冠状病毒病中非共和国疫情,zhwiki,Region
Q87742103,6968048,2019冠状病毒病佛罗里达州疫情,zhwiki,Region
Q87742114,6962209,2019冠状病毒病刚果共和国疫情,zhwiki,Region
Q87742118,6994188,2019冠状病毒病马里兰州疫情,zhwiki,Region
Q87743173,6961752,2019冠状病毒病北塞浦路斯疫情,zhwiki,Region
Q87743852,6965556,2019冠状病毒病田纳西州疫情,zhwiki,Region
Q87746177,7021074,2019冠状病毒病夏威夷疫情,zhwiki,Region
Q87755488,6965848,2019冠状病毒病巴哈马疫情,zhwiki,Region
Q87759070,6955923,2019冠状病毒病河南省疫情,zhwiki,Region
Q87760039,6949140,2019冠状病毒病四川省疫情,zhwiki,Region
Q87766242,6965788,2019冠状病毒病利比里亚疫情,zhwiki,Region
Q87770645,6968412,2019冠状病毒病索马里疫情,zhwiki,Region
Q87770827,6968414,2019冠狀病毒病坦桑尼亞疫情,zhwiki,Region
Q87781572,6968040,2019冠狀病毒病貝寧疫情,zhwiki,Region
Q87785296,6968391,2019冠状病毒病格陵兰疫情,zhwiki,Region
Q87849018,6954564,江学庆,zhwiki,Human
Q87899016,6981339,2019冠狀病毒病甘比亞疫情,zhwiki,Region
Q87906931,6972570,2019冠状病毒病法罗群岛疫情,zhwiki,Region
Q87914789,6986688,布鲁斯·艾尔沃德,zhwiki,Human
Q87975990,6973898,雷扎·穆罕默迪·兰加鲁迪,zhwiki,Human
Q88027839,6986066,2019冠狀病毒病知名去世患者列表,zhwiki,Others
Q88029483,6974560,冠狀病毒醬,zhwiki,Others
Q88082639,6982802,2019冠状病毒病佛得角疫情,zhwiki,Region
Q88082922,6984698,2019冠状病毒病荷属圣马丁疫情,zhwiki,Region
Q88137634,6998944,2019冠状病毒病巴布亚新几内亚疫情,zhwiki,Region
Q88180814,6989084,2019冠状病毒病广西壮族自治区疫情,zhwiki,Region
Q88180823,6989097,2019冠状病毒病海南省疫情,zhwiki,Region
Q88181154,6978733,艾琳·巴维耶拉,zhwiki,Human
Q88263719,6977248,2019冠状病毒病乌干达疫情,zhwiki,Region
Q88364089,7090241,何塞·马里亚·洛伊萨加·比吉里,zhwiki,Human
Q88386281,7090273,纳肖姆·伍登,zhwiki,Human
Q88445633,6979760,2019冠状病毒病陕西省疫情,zhwiki,Region
Q88471669,6995061,邱钧,zhwiki,Human
Q88552880,6982373,2019冠狀病毒病北海道疫情,zhwiki,Region
Q88592566,7090108,赫妮·波朗哥,zhwiki,Human
Q88599208,6986005,2019冠状病毒病疫情引发的经济衰退,zhwiki,Others
Q88602759,6981753,朱塞佩·貝拉爾代利,zhwiki,Human
Q88605041,7090101,史蒂文·迪克,zhwiki,Human
Q88658011,6982657,2019冠狀病毒病東京都疫情,zhwiki,Others
Q88720923,6990724,罗丝·玛丽·孔帕雷,zhwiki,Human
Q88755333,6968798,2019冠状病毒病安徽省疫情,zhwiki,Region
Q88755762,6989101,2019冠状病毒病福建省疫情,zhwiki,Region
Q88756181,6989093,2019冠状病毒病重庆市疫情,zhwiki,Region
Q88757019,6989120,2019冠状病毒病云南省疫情,zhwiki,Region
Q88788580,7090097,艾伦·芬德,zhwiki,Human
Q88793745,6976611,2019冠状病毒病吉林省疫情,zhwiki,Region
Q89033084,6989263,2019冠狀病毒病大阪府疫情,zhwiki,Region
Q89118435,6992075,拉斐尔·戈麦斯·涅托,zhwiki,Human
Q89127366,6993930,2019冠狀病毒病獅子山疫情,zhwiki,Region
Q89197302,6998029,布雷特·克罗泽,zhwiki,Human
Q89235960,6948757,2019冠状病毒病山东省疫情,zhwiki,Region
Q89251950,6994323,伯納迪塔·卡塔拉,zhwiki,Human
Q89336547,6973877,刘励,zhwiki,Human
Q89336556,6941647,梅仲明,zhwiki,Human
Q89337077,6948952,朱和平_(1953年),zhwiki,Human
Q89413165,6998948,2019冠狀病毒病索馬利蘭疫情,zhwiki,Region
Q89560617,6998935,2019冠状病毒病南苏丹疫情,zhwiki,Region
Q89936212,7015784,岡田公伸,zhwiki,Human
Q90084900,7005732,2019冠状病毒病海军舰艇疫情,zhwiki,Region
Q90121082,7005440,何金銘_(武術家),zhwiki,Human
Q9015433,7008466,胡安·科蒂诺,zhwiki,Human
Q90290885,6905097,2019冠狀病毒病疫情期間殉職醫護人員列表,zhwiki,Others
Q90558818,7009769,2019冠狀病毒病神奈川縣疫情,zhwiki,Region
Q90560985,7009804,2019冠狀病毒病千葉縣疫情,zhwiki,Region
Q9096750,182480,钟南山,zhwiki,Human
Q91082844,7015909,3密,zhwiki,Others
Q91280428,7030948,對2019冠狀病毒病疫情應對措施的抗議活動,zhwiki,Others
Q91754630,6989115,2019冠状病毒病内蒙古自治区疫情,zhwiki,Region
Q91763617,6989675,2019冠状病毒病西藏自治区疫情,zhwiki,Region
Q92158256,6989164,2019冠状病毒病黑龙江省疫情,zhwiki,Region
Q92743,501386,文頓·瑟夫,zhwiki,Human
Q92849109,7033569,柯卉兵,zhwiki,Human
Q930921,6993259,塚原直貴,zhwiki,Human
Q93315673,6989180,2019冠状病毒病新疆维吾尔自治区疫情,zhwiki,Region
Q93316194,6973484,2019冠狀病毒病山西省疫情,zhwiki,Region
Q93316220,6989100,2019冠状病毒病江西省疫情,zhwiki,Region
Q93316225,6989104,2019冠状病毒病湖南省疫情,zhwiki,Region
Q93316391,6989107,2019冠状病毒病甘肃省疫情,zhwiki,Region
Q94096256,7046940,2019冠狀病毒病愛知縣疫情,zhwiki,Region
Q94612599,7051022,2019冠狀病毒病岐阜縣疫情,zhwiki,Region
Q94612996,7051035,2019冠狀病毒病三重縣疫情,zhwiki,Region
Q95577004,7058229,王兵_(1947年),zhwiki,Human
Q95577281,7058244,冯效林,zhwiki,Human
Q95577358,7058259,张抗美_(1952年),zhwiki,Human
Q9570,537809,阿米塔布·巴强,zhwiki,Human
Q95913706,7067723,2019冠狀病毒病福岡縣疫情,zhwiki,Region
Q959755,1489877,西南偏南,zhwiki,Others
Q95977922,7067657,2019冠狀病毒病福井縣疫情,zhwiki,Region
Q95978531,7067689,2019冠狀病毒病富山縣疫情,zhwiki,Region
Q96024601,7069599,胡卫锋,zhwiki,Human
Q96188034,6966430,2019冠状病毒病石川县疫情,zhwiki,Region
Q96761797,7016519,中華民國海軍敦睦遠航訓練支隊嚴重特殊傳染性肺炎群聚感染事件,zhwiki,Region
Q97119870,7058279,廖建军,zhwiki,Human
Q982113,1213364,金崎梦生,zhwiki,Human
Q983324,5301350,小费迪南德·马科斯,zhwiki,Human
Q989330,100371,迪士尼綫,zhwiki,Others
