QID,page id,item,wiki db,category,Unnamed: 5
Q321770,1665120,آرون تفيت,arwiki,Human,False
Q88788580,7368388,آلان فايندر,arwiki,Human,False
Q3374,5432015,آن صوفي موتر,arwiki,Human,False
Q88963159,7379971,آنجيلو روتولي,arwiki,Human,False
Q4757445,7379396,آندرو جاك (مدرب لهجات),arwiki,Human,False
Q4769295,5679073,آني غلين,arwiki,Human,False
Q47059,330191,آيشواريا راي,arwiki,Human,False
Q2818923,6815281,أ. جاي بولوك,arwiki,Human,False
Q21002307,7423539,أبا كياري,arwiki,Human,False
Q88202504,7352262,أبحاث إعادة استخدام الأدوية لعلاج كوفيد-19,arwiki,Others,False
Q187058,672088,أبهيشيك باتشان,arwiki,Human,False
Q11569769,6244101,أتسوشي كاتاوكا,arwiki,Human,False
Q88058672,7349490,أثر جائحة فيروس كورونا على الحمل 2019-20,arwiki,Others,False
Q96278556,7565028,أثر جائحة فيروس كورونا على حج 1441 هـ,arwiki,Others,False
Q87589400,7331753,أثر جائحة كورونا 2019–20 على الرياضة,arwiki,Others,False
Q401433,60826,أحمد راضي,arwiki,Human,False
Q4792170,6027504,أرلين سوندرز,arwiki,Human,False
Q88799719,7389548,أسامة رياض,arwiki,Human,False
Q29462882,6132141,ألان أبيل (فنان إيقاعي),arwiki,Human,False
Q4730611,5394662,ألان فونغ,arwiki,Human,False
Q2918270,6012119,ألان ميريل,arwiki,Human,False
Q3910,547236,ألبير الثاني (أمير موناكو),arwiki,Human,False
Q371652,715786,ألبين إكدال,arwiki,Human,False
Q4722019,6062977,ألفونسو كورتينا,arwiki,Human,False
Q1764061,3108637,ألكسندرا وينتوورث,arwiki,Human,False
Q720068,5196793,ألن دافياو,arwiki,Human,False
Q4716347,4846679,أليساندرو فافالي,arwiki,Human,False
Q4717362,3200414,أليكس لين,arwiki,Human,False
Q932204,3959879,ألين غارفيلد,arwiki,Human,False
Q9570,420060,أميتاب باتشان,arwiki,Human,False
Q433215,4742398,أنا باستور جوليان,arwiki,Human,False
Q573246,292761,أنتوني فاوتشي,arwiki,Human,False
Q24005266,3886457,أندرو ويات,arwiki,Human,False
Q42402,100061,أندريا بوتشيلي,arwiki,Human,False
Q2014922,5597988,أندي كوهن,arwiki,Human,False
Q463585,3756668,أنديرا فارما,arwiki,Human,False
Q16093542,5740209,أنطوني بيلي (كاتب),arwiki,Human,False
Q16485758,5533711,أنطونيو غونزاليس باتشيكو,arwiki,Human,False
Q3593648,6023448,أوسكار تشافيز,arwiki,Human,False
Q10340557,6751529,أولغا سافاري,arwiki,Human,False
Q164730,344069,أولغا كوريلنكو,arwiki,Human,False
Q7085856,7370221,أولي هولمكويست,arwiki,Human,False
Q88181154,7361856,أيلين بافييرا,arwiki,Human,False
Q1771,2911719,إحسان حدادي,arwiki,Human,False
Q342604,1913056,إدريس إلبا,arwiki,Human,False
Q6070306,6824131,إريس إم. زافالا,arwiki,Human,False
Q1317442,3196472,إريك بلدسو,arwiki,Human,False
Q5569181,7425480,إريك بلفراج,arwiki,Human,False
Q296684,362901,إزيكييل غاراي,arwiki,Human,False
Q5397780,1927730,إسحاق جهانغيري,arwiki,Human,False
Q173923,374895,إليا بيتكوفيتش,arwiki,Human,False
Q579231,2163216,إلياكيم مانغالا,arwiki,Human,False
Q7945702,7434793,إيان ليبكين,arwiki,Human,False
Q3804395,7332969,إيتالو دي زان,arwiki,Human,False
Q35633,4313854,إيتزيار إيتونو,arwiki,Human,False
Q3270870,6726949,إيفانجيلوس ماريناكيس,arwiki,Human,False
Q2896225,5258920,إيلين داروز,arwiki,Human,False
Q91280428,7473573,احتجاجات على الاستجابات لوباء COVID-19,arwiki,Others,False
Q26261095,3250494,احسان دعدوش,arwiki,Human,False
Q86901049,7340744,اختبار كوفيد-19,arwiki,Others,False
Q85872065,7327580,الأثر الاقتصادي والاجتماعي لجائحة فيروس كورونا 2019–20,arwiki,Others,False
Q90085156,7422411,الأثر البيئي لجائحة فيروس كورونا 2019-20,arwiki,Others,False
Q87866152,7537695,الإغلاقات بسبب جائحة كورونا-19,arwiki,Others,False
Q87407631,7330319,الاثنين الأسود (2020),arwiki,Others,False
Q89016387,7378668,التسلسل الزمني جائحة فيروس كورونا 2019–20 في أبريل 2020,arwiki,Others,False
Q85173796,7353917,التسلسل الزمني جائحة فيروس كورونا 2019–20 في فبراير 2020,arwiki,Others,False
Q87774378,7360458,التسلسل الزمني جائحة فيروس كورونا 2019–20 في مارس 2020,arwiki,Others,False
Q84897850,7350358,التسلسل الزمني جائحة فيروس كورونا 2019–20 من نوفمبر 2019 إلى يناير 2020,arwiki,Others,False
Q92600442,7476033,التسلسل الزمني لجائحة فيروس كورونا 2019-20 في مايو 2020,arwiki,Others,False
Q4704128,3959298,الجوهرة بنت إبراهيم آل إبراهيم,arwiki,Human,False
Q83493517,7346824,الخط الزمني لجائحة فيروس كورونا 2019-20,arwiki,Others,False
Q87586492,7332845,الخميس الأسود (2020),arwiki,Others,False
Q88599208,7346708,الركود الاقتصادي الناتج عن جائحة فيروس كورونا,arwiki,Others,False
Q19968713,4851183,انتونيو لا جومينا,arwiki,Human,False
Q87629158,7351391,انهيار أسواق الأسهم العالمية بسبب جائحة كورونا 2019-20,arwiki,Others,False
Q3362788,7415897,باب ضيوف,arwiki,Human,False
Q4095066,7722123,باتريشيا بوسورث,arwiki,Human,False
Q171530,4948667,باتريك برويل,arwiki,Human,False
Q325363,3400424,باتريك جرويتزكي,arwiki,Human,False
Q1383590,7426681,باتريك ديفيجيان,arwiki,Human,False
Q6292322,3335133,باتريك شيناي,arwiki,Human,False
Q28377792,3769963,باتريك كوتروني,arwiki,Human,False
Q614675,3094558,باتريك ماكنرو,arwiki,Human,False
Q271933,2961236,باتريك يوينغ,arwiki,Human,False
Q466012,4505234,بارتوش بيريشينسكي,arwiki,Human,False
Q66091715,6602827,باشا موكيرجي,arwiki,Human,False
Q205778,828098,بافل بوغريبنياك,arwiki,Human,False
Q4849691,5383843,بالا محمد,arwiki,Human,False
Q166317,2585783,باولو ديبالا,arwiki,Human,False
Q483027,62430,باولو مالديني,arwiki,Human,False
Q16727424,5387630,براندون بيتش,arwiki,Human,False
Q28911753,7386272,برانيسلاف بلازيتش,arwiki,Human,False
Q3644511,3195203,برايان ستوكس ميتشيل,arwiki,Human,False
Q87914789,7362326,بروس آيلوارد,arwiki,Human,False
Q4974402,5681075,بروك بالدوين,arwiki,Human,False
Q382700,5734673,بريت دين,arwiki,Human,False
Q89197302,7430518,بريت كروزير,arwiki,Human,False
Q130853,1668735,بلاثيدو دومينغو,arwiki,Human,False
Q1921,833007,بليز ماتويدي,arwiki,Human,False
Q19663167,3651752,بودي هيلد,arwiki,Human,False
Q14905846,2713292,بورنا كوريتش,arwiki,Human,False
Q125663,3229400,بوريس أكونين,arwiki,Human,False
Q180589,1108676,بوريس جونسون,arwiki,Human,False
Q1363756,1090950,بول غوما,arwiki,Human,False
Q344983,932763,بيبي فيس,arwiki,Human,False
Q2351115,6247195,بيت كوزما,arwiki,Human,False
Q7174885,6735060,بيتر جيمس نيفن سنكلير,arwiki,Human,False
Q700558,3692004,بيتر مادسن (لاعب كرة قدم),arwiki,Human,False
Q4468157,6616045,بيلي لي تورنر,arwiki,Human,False
Q160009,771091,بينك (مغنية),arwiki,Human,False
Q57343,676070,بيير نكورونزيزا,arwiki,Human,False
Q3903362,7353262,بييرو شليزنجر,arwiki,Human,False
Q89864650,7499937,تأثير جائحة فيروس كورونا 2019–20 على السجون,arwiki,Others,False
Q2462506,6136400,تاي (موسيقي),arwiki,Human,False
Q2486104,3198515,تري ثومبكينز,arwiki,Human,False
Q43274,83145,تشارلز (أمير ويلز),arwiki,Human,False
Q5075443,5389608,تشارلز بارون,arwiki,Human,False
Q2960824,6821215,تشارلي بلاكمون,arwiki,Human,False
Q456623,5588489,تشاك بيلي,arwiki,Human,False
Q9096750,7271866,تشونغ نان شان,arwiki,Human,False
Q88459495,7379560,تطوير دواء كوفيد-19,arwiki,Others,False
Q89966200,7466477,تنبؤات الجائحة والاستعدادات قبل جائحة كوفيد-19,arwiki,Others,False
Q21063926,3654281,توريان برينس,arwiki,Human,False
Q425154,1591571,توسيليزوماب,arwiki,Others,False
Q35342309,3742897,توفيق الياسري,arwiki,Human,False
Q2439627,6203315,توم ديمبسي,arwiki,Human,False
Q2263,52489,توم هانكس,arwiki,Human,False
Q213616,828434,توماس كالينبيرغ,arwiki,Human,False
Q7818846,2443197,تومي يوريتش,arwiki,Human,False
Q107249,257857,توني شلهوب,arwiki,Human,False
Q7706939,3723866,تيتسويا فوناتسو,arwiki,Human,False
Q16730116,5388463,تيتو جاكسون (سياسي),arwiki,Human,False
Q7693568,5380356,تيد أوبراين,arwiki,Human,False
Q7804179,5775149,تيم روبنسون,arwiki,Human,False
Q34660,6108,ج. ك. رولينغ,arwiki,Human,False
Q87742131,7443256,جائحة الفيروسات التاجية لعام 2020 في واشنطن العاصمة,arwiki,Region,False
Q87655120,7441065,جائحة فايروس كورونا في مجتمع مدريد 2020,arwiki,Region,False
Q81068910,7229643,جائحة فيروس كورونا 2019–20,arwiki,Bio-Med,False
Q87760039,7423371,جائحة فيروس كورونا 2020 في سيتشوان,arwiki,Region,False
Q88082786,7417769,جائحة فيروس كورونا 2020 في نيو برونزويك,arwiki,Region,False
Q86745927,7436713,جائحة فيروس كورونا على سفينة أميرة الألماس 2020,arwiki,Region,False
Q89490207,7399269,جائحة فيروس كورونا على يو إس إس ثيودور روزفلت (CVN-71) 2020,arwiki,Region,False
Q86597695,7409490,جائحة فيروس كورونا فى البرازيل 2020,arwiki,Region,False
Q86521237,7325212,جائحة فيروس كورونا في آسيا 2019–20,arwiki,Region,False
Q87121993,7544784,جائحة فيروس كورونا في آيسلندا 2020,arwiki,Region,False
Q87743905,7562399,جائحة فيروس كورونا في آيوا 2020,arwiki,Region,False
Q90137185,7413090,جائحة فيروس كورونا في أبخازيا 2020,arwiki,Region,False
Q87822808,7502316,جائحة فيروس كورونا في أتر برديش 2020,arwiki,Region,False
Q87722485,7369168,جائحة فيروس كورونا في أذربيجان 2020,arwiki,Region,False
Q87745216,7384716,جائحة فيروس كورونا في أركانساس 2020,arwiki,Region,False
Q87648634,7341604,جائحة فيروس كورونا في أرمينيا 2020,arwiki,Region,False
Q87708719,7350888,جائحة فيروس كورونا في أروبا 2020,arwiki,Region,False
Q87746028,7355013,جائحة فيروس كورونا في أريزونا 2020,arwiki,Region,False
Q83873548,7352202,جائحة فيروس كورونا في أستراليا 2020,arwiki,Region,False
Q86694873,7335635,جائحة فيروس كورونا في أفريقيا 2020,arwiki,Region,False
Q87768605,7451178,جائحة فيروس كورونا في أفغانستان 2020,arwiki,Region,False
Q89789550,7397381,جائحة فيروس كورونا في أقاليم ما وراء البحار البريطانية 2020,arwiki,Region,False
Q88082409,7362358,جائحة فيروس كورونا في أكروتيري ودكليا 2020,arwiki,Region,False
Q87746397,7405110,جائحة فيروس كورونا في ألاسكا 2020,arwiki,Region,False
Q87450756,7354314,جائحة فيروس كورونا في ألبانيا 2020,arwiki,Region,False
Q87901408,7418476,جائحة فيروس كورونا في ألبرتا 2020,arwiki,Region,False
Q83889294,7339245,جائحة فيروس كورونا في ألمانيا 2020,arwiki,Region,False
Q86694744,7344837,جائحة فيروس كورونا في أمريكا الجنوبية 2020,arwiki,Region,False
Q86695115,7348303,جائحة فيروس كورونا في أمريكا الشمالية 2020,arwiki,Region,False
Q87708331,7350796,جائحة فيروس كورونا في أنتيغوا وباربودا 2020,arwiki,Region,False
Q87715843,7341578,جائحة فيروس كورونا في أندورا 2020,arwiki,Region,False
Q88082534,7350294,جائحة فيروس كورونا في أنغولا 2020,arwiki,Region,False
Q88870152,7395463,جائحة فيروس كورونا في أنغويلا 2020,arwiki,Region,False
Q87820769,7451610,جائحة فيروس كورونا في أوديشا 2020,arwiki,Region,False
Q86458103,7341274,جائحة فيروس كورونا في أوروبا 2020,arwiki,Region,False
Q87660365,7345130,جائحة فيروس كورونا في أوروغواي 2020,arwiki,Region,False
Q87651920,7556516,جائحة فيروس كورونا في أوريغون 2020,arwiki,Region,False
Q87755912,7351030,جائحة فيروس كورونا في أوزبكستان 2020,arwiki,Region,False
Q88263719,7353922,جائحة فيروس كورونا في أوغندا 2020,arwiki,Region,False
Q86694210,7344529,جائحة فيروس كورونا في أوقيانوسيا 2020,arwiki,Region,False
Q87235177,7323204,جائحة فيروس كورونا في أوكرانيا 2020,arwiki,Region,False
Q87746160,7354860,جائحة فيروس كورونا في أوكلاهوما 2020,arwiki,Region,False
Q88082830,7460807,جائحة فيروس كورونا في أونتاريو 2020,arwiki,Region,False
Q87743871,7379173,جائحة فيروس كورونا في أيرلندا الشمالية 2020,arwiki,Region,False
Q87665038,7336845,جائحة فيروس كورونا في إثيوبيا 2020,arwiki,Region,False
Q88371105,7353886,جائحة فيروس كورونا في إريتريا 2020,arwiki,Region,False
Q84166704,7312336,جائحة فيروس كورونا في إسبانيا 2020,arwiki,Region,False
Q87204911,7322287,جائحة فيروس كورونا في إستونيا 2020,arwiki,Region,False
Q87070975,7386254,جائحة فيروس كورونا في إسرائيل 2020,arwiki,Region,False
Q87709973,7337658,جائحة فيروس كورونا في إسواتيني 2020,arwiki,Region,False
Q87742748,7541699,جائحة فيروس كورونا في إلينوي 2020,arwiki,Region,False
Q87743855,7544822,جائحة فيروس كورونا في إنجلترا 2020,arwiki,Region,False
Q86913546,7352866,جائحة فيروس كورونا في إندونيسيا 2020,arwiki,Region,False
Q87743899,7562337,جائحة فيروس كورونا في إنديانا 2020,arwiki,Region,False
Q85876114,7337459,جائحة فيروس كورونا في إيران 2020,arwiki,Region,False
Q84104992,7312260,جائحة فيروس كورونا في إيطاليا 2020,arwiki,Region,False
Q87743858,7352895,جائحة فيروس كورونا في اسكتلندا 2020,arwiki,Region,False
Q87235137,7395919,جائحة فيروس كورونا في الأرجنتين 2020,arwiki,Region,False
Q87589148,7331741,جائحة فيروس كورونا في الأردن 2020,arwiki,Region,False
Q87250713,7323460,جائحة فيروس كورونا في الإكوادور 2020,arwiki,Region,False
Q84030045,7322464,جائحة فيروس كورونا في الإمارات العربية المتحدة 2020,arwiki,Region,False
Q87589123,7344691,جائحة فيروس كورونا في الباراغواي 2020,arwiki,Region,False
Q87070999,7324319,جائحة فيروس كورونا في البحرين 2020,arwiki,Region,False
Q86948603,7414974,جائحة فيروس كورونا في البرتغال 2020,arwiki,Region,False
Q87250770,7326953,جائحة فيروس كورونا في البوسنة والهرسك 2020,arwiki,Region,False
Q86919406,7499848,جائحة فيروس كورونا في التشيك 2020,arwiki,Region,False
Q87887813,7363801,جائحة فيروس كورونا في الجبل الأسود 2020,arwiki,Region,False
Q87202921,7322203,جائحة فيروس كورونا في الجزائر 2020,arwiki,Region,False
Q88870583,7395479,جائحة فيروس كورونا في الجزر العذراء البريطانية 2020,arwiki,Region,False
Q86597685,7337841,جائحة فيروس كورونا في الدنمارك 2020,arwiki,Region,False
Q88082639,7350190,جائحة فيروس كورونا في الرأس الأخضر 2020,arwiki,Region,False
Q87186117,7322354,جائحة فيروس كورونا في السعودية 2020,arwiki,Region,False
Q84590527,7362457,جائحة فيروس كورونا في السفن السياحية 2020,arwiki,Region,False
Q87936974,7362558,جائحة فيروس كورونا في السلفادور 2020,arwiki,Region,False
Q87745903,7338426,جائحة فيروس كورونا في السنغال 2020,arwiki,Region,False
Q87657486,7333395,جائحة فيروس كورونا في السودان 2020,arwiki,Region,False
Q84081576,7352410,جائحة فيروس كورونا في السويد 2020,arwiki,Region,False
Q89806028,7397762,جائحة فيروس كورونا في الصحراء الغربية 2020,arwiki,Region,False
Q87770645,7340889,جائحة فيروس كورونا في الصومال 2020,arwiki,Region,False
Q83872271,7337433,جائحة فيروس كورونا في الصين القارية 2019–20,arwiki,Region,False
Q86733728,7302164,جائحة فيروس كورونا في العراق 2020,arwiki,Region,False
Q87666042,7336901,جائحة فيروس كورونا في الغابون 2020,arwiki,Region,False
Q87222526,7345855,جائحة فيروس كورونا في الفاتيكان 2020,arwiki,Region,False
Q84055544,7308375,جائحة فيروس كورونا في الفلبين 2020,arwiki,Region,False
Q87250930,7324659,جائحة فيروس كورونا في الكاميرون 2020,arwiki,Region,False
Q87250691,7323732,جائحة فيروس كورونا في الكويت 2020,arwiki,Region,False
Q87662895,7359938,جائحة فيروس كورونا في المالديف 2020,arwiki,Region,False
Q87119811,7274891,جائحة فيروس كورونا في المجر 2020,arwiki,Region,False
Q87058723,7315905,جائحة فيروس كورونا في المغرب 2020,arwiki,Region,False
Q86628344,7345902,جائحة فيروس كورونا في المكسيك 2020,arwiki,Region,False
Q84167106,7370551,جائحة فيروس كورونا في المملكة المتحدة 2020,arwiki,Region,False
Q86886544,7366299,جائحة فيروس كورونا في النرويج 2020,arwiki,Region,False
Q86847911,7348438,جائحة فيروس كورونا في النمسا 2020,arwiki,Region,False
Q88082809,7350213,جائحة فيروس كورونا في النيجر 2020,arwiki,Region,False
Q84055514,7321616,جائحة فيروس كورونا في الهند 2020,arwiki,Region,False
Q83873577,7332859,جائحة فيروس كورونا في الولايات المتحدة 2020,arwiki,Region,False
Q83872291,7351068,جائحة فيروس كورونا في اليابان 2020,arwiki,Region,False
Q89695985,7400255,جائحة فيروس كورونا في اليمن,arwiki,Region,False
Q87068864,7322795,جائحة فيروس كورونا في اليونان 2020,arwiki,Region,False
Q88137634,7354870,جائحة فيروس كورونا في بابوا غينيا الجديدة 2020,arwiki,Region,False
Q87902902,7348928,جائحة فيروس كورونا في باربادوس 2020,arwiki,Region,False
Q87652000,7441249,جائحة فيروس كورونا في باكستان 2020,arwiki,Region,False
Q88082556,7351984,جائحة فيروس كورونا في برمودا 2020,arwiki,Region,False
Q87412028,7341808,جائحة فيروس كورونا في بروناي 2020,arwiki,Region,False
Q84446340,7356568,جائحة فيروس كورونا في بلجيكا 2019-20,arwiki,Region,False
Q87486535,7352522,جائحة فيروس كورونا في بلغاريا 2020,arwiki,Region,False
Q88561418,7362770,جائحة فيروس كورونا في بليز 2020,arwiki,Region,False
Q87742125,7558566,جائحة فيروس كورونا في بنسيلفانيا 2020,arwiki,Region,False
Q87540454,7340294,جائحة فيروس كورونا في بنغلاديش 2020,arwiki,Region,False
Q87477841,7341849,جائحة فيروس كورونا في بنما 2020,arwiki,Region,False
Q87781572,7341793,جائحة فيروس كورونا في بنين 2020,arwiki,Region,False
Q87715166,7341788,جائحة فيروس كورونا في بوتان 2020,arwiki,Region,False
Q89164046,7390798,جائحة فيروس كورونا في بوتسوانا 2020,arwiki,Region,False
Q87660693,7378855,جائحة فيروس كورونا في بورتوريكو 2020,arwiki,Region,False
Q87665364,7336369,جائحة فيروس كورونا في بوركينا فاسو 2020,arwiki,Region,False
Q89193856,7390704,جائحة فيروس كورونا في بوروندي 2020,arwiki,Region,False
Q87250695,7514730,جائحة فيروس كورونا في بولندا 2020,arwiki,Region,False
Q87480220,7344808,جائحة فيروس كورونا في بوليفيا 2020,arwiki,Region,False
Q89288702,7444450,جائحة فيروس كورونا في بونير 2020,arwiki,Region,False
Q87587763,7345152,جائحة فيروس كورونا في بيرو 2020,arwiki,Region,False
Q87250788,7369412,جائحة فيروس كورونا في بيلاروس 2020,arwiki,Region,False
Q83873566,7536880,جائحة فيروس كورونا في تايلاند 2020,arwiki,Region,False
Q84081307,7506508,جائحة فيروس كورونا في تايوان 2019–20,arwiki,Region,False
Q89753133,7455524,جائحة فيروس كورونا في تركمنستان 2020,arwiki,Region,False
Q87473205,7331603,جائحة فيروس كورونا في تركيا 2020,arwiki,Region,False
Q87694131,7345306,جائحة فيروس كورونا في ترينيداد وتوباغو 2020,arwiki,Region,False
Q88082670,7350239,جائحة فيروس كورونا في تشاد 2020,arwiki,Region,False
Q87191204,7401198,جائحة فيروس كورونا في تشيلي 2020,arwiki,Region,False
Q87742765,7566137,جائحة فيروس كورونا في تكساس 2020,arwiki,Region,False
Q87770827,7340912,جائحة فيروس كورونا في تنزانيا 2020,arwiki,Region,False
Q87662819,7337954,جائحة فيروس كورونا في توغو 2020,arwiki,Region,False
Q87343682,7324753,جائحة فيروس كورونا في تونس 2020,arwiki,Region,False
Q87836826,7352415,جائحة فيروس كورونا في تيمور الشرقية 2020,arwiki,Region,False
Q87743852,7562427,جائحة فيروس كورونا في تينيسي 2020,arwiki,Region,False
Q87740086,7352981,جائحة فيروس كورونا في جبل طارق 2020,arwiki,Region,False
Q87785296,7346061,جائحة فيروس كورونا في جرينلاند 2020,arwiki,Region,False
Q88727847,7380787,جائحة فيروس كورونا في جزر أولاند 2020,arwiki,Region,False
Q87755488,7349876,جائحة فيروس كورونا في جزر البهاماس 2020,arwiki,Region,False
Q87730011,7351814,جائحة فيروس كورونا في جزر العذراء الأمريكية 2020,arwiki,Region,False
Q92619508,7455227,جائحة فيروس كورونا في جزر القمر 2020,arwiki,Region,False
Q88082622,7350106,جائحة فيروس كورونا في جزر الكناري 2020,arwiki,Region,False
Q88864673,7395713,جائحة فيروس كورونا في جزر توركس وكايكوس 2020,arwiki,Region,False
Q87906931,7346413,جائحة فيروس كورونا في جزر فارو 2020,arwiki,Region,False
Q89395546,7391365,جائحة فيروس كورونا في جزر فوكلاند 2020,arwiki,Region,False
Q87730008,7350600,جائحة فيروس كورونا في جزر كايمان 2020,arwiki,Region,False
Q87816426,7391428,جائحة فيروس كورونا في جزر ماريانا الشمالية 2020,arwiki,Region,False
Q89923910,7641895,جائحة فيروس كورونا في جزيرة القيامة 2020,arwiki,Region,False
Q88082994,7379062,جائحة فيروس كورونا في جزيرة مان 2020,arwiki,Region,False
Q89872880,7432893,جائحة فيروس كورونا في جمهورية آرتساخ 2020,arwiki,Region,False
Q87742085,7339027,جائحة فيروس كورونا في جمهورية أفريقيا الوسطى 2020,arwiki,Region,False
Q87186365,7396575,جائحة فيروس كورونا في جمهورية أيرلندا 2020,arwiki,Region,False
Q87563855,7350759,جائحة فيروس كورونا في جمهورية الدومينيكان 2020,arwiki,Region,False
Q88783049,7416367,جائحة فيروس كورونا في جمهورية القرم ذات الحكم الذاتي 2020,arwiki,Region,False
Q87742114,7339033,جائحة فيروس كورونا في جمهورية الكونغو 2020,arwiki,Region,False
Q87706558,7336780,جائحة فيروس كورونا في جمهورية الكونغو الديمقراطية 2020,arwiki,Region,False
Q87243915,7337992,جائحة فيروس كورونا في جنوب أفريقيا 2020,arwiki,Region,False
Q89560617,7398939,جائحة فيروس كورونا في جنوب السودان 2020,arwiki,Region,False
Q87250913,7355295,جائحة فيروس كورونا في جورجيا 2020,arwiki,Region,False
Q87899022,7346726,جائحة فيروس كورونا في جيبوتي 2020,arwiki,Region,False
Q87740092,7396332,جائحة فيروس كورونا في جيرزي 2020,arwiki,Region,False
Q87759070,7354505,جائحة فيروس كورونا في خنان 2020,arwiki,Region,False
Q87402404,7382383,جائحة فيروس كورونا في خوبي 2019–20,arwiki,Region,False
Q87821864,7467891,جائحة فيروس كورونا في دلهي 2020,arwiki,Region,False
Q88356648,7395501,جائحة فيروس كورونا في دومينيكا 2020,arwiki,Region,False
Q87714704,7338007,جائحة فيروس كورونا في رواندا 2020,arwiki,Region,False
Q87743890,7546149,جائحة فيروس كورونا في رود آيلاند 2020,arwiki,Region,False
Q84098939,7324724,جائحة فيروس كورونا في روسيا 2020,arwiki,Region,False
Q87250752,7374529,جائحة فيروس كورونا في رومانيا 2020,arwiki,Region,False
Q87976629,7350014,جائحة فيروس كورونا في زامبيا 2020,arwiki,Region,False
Q88164033,7351481,جائحة فيروس كورونا في زيمبابوي 2020,arwiki,Region,False
Q87704267,7338030,جائحة فيروس كورونا في ساحل العاج 2020,arwiki,Region,False
Q89277294,7426151,جائحة فيروس كورونا في ساسكاتشوان 2020,arwiki,Region,False
Q87144476,7351940,جائحة فيروس كورونا في سان بارتيلمي 2020,arwiki,Region,False
Q87144431,7348794,جائحة فيروس كورونا في سان مارتين 2020,arwiki,Region,False
Q87123561,7324973,جائحة فيروس كورونا في سان مارينو 2020,arwiki,Region,False
Q87687648,7348758,جائحة فيروس كورونا في سانت فينسنت والغرينادين 2020,arwiki,Region,False
Q88864139,7395755,جائحة فيروس كورونا في سانت كيتس ونيفيس 2020,arwiki,Region,False
Q87707727,7348916,جائحة فيروس كورونا في سانت لوسيا 2020,arwiki,Region,False
Q89598747,7398923,جائحة فيروس كورونا في ساو تومي وبرينسيب 2020,arwiki,Region,False
Q89591590,7393410,جائحة فيروس كورونا في سبتة 2020,arwiki,Region,False
Q88082312,7482536,جائحة فيروس كورونا في سراوق,arwiki,Region,False
Q83889114,7504817,جائحة فيروس كورونا في سريلانكا 2019–20,arwiki,Region,False
Q87200954,7330860,جائحة فيروس كورونا في سلوفاكيا 2020,arwiki,Region,False
Q87250948,7355656,جائحة فيروس كورونا في سلوفينيا 2020,arwiki,Region,False
Q83873387,7502900,جائحة فيروس كورونا في سنغافورة 2020,arwiki,Region,False
Q87814953,7349228,جائحة فيروس كورونا في سوريا 2020,arwiki,Region,False
Q87664046,7345101,جائحة فيروس كورونا في سورينام 2020,arwiki,Region,False
Q86717788,7344921,جائحة فيروس كورونا في سويسرا 2020,arwiki,Region,False
Q89127366,7391191,جائحة فيروس كورونا في سيراليون 2020,arwiki,Region,False
Q87729500,7339079,جائحة فيروس كورونا في سيشل 2020,arwiki,Region,False
Q89398667,7416386,جائحة فيروس كورونا في سيفاستوبول 2020,arwiki,Region,False
Q89288703,7395610,جائحة فيروس كورونا في سينت أوستاتيوس 2020,arwiki,Region,False
Q88082922,7351823,جائحة فيروس كورونا في سينت مارتن 2020,arwiki,Region,False
Q87742120,7359003,جائحة فيروس كورونا في شمال الراين-وستفاليا 2020,arwiki,Region,False
Q87250897,7586629,جائحة فيروس كورونا في شمال مقدونيا 2020,arwiki,Region,False
Q85872031,7547165,جائحة فيروس كورونا في شنغهاي 2020,arwiki,Region,False
Q87193778,7330884,جائحة فيروس كورونا في صربيا 2020,arwiki,Region,False
Q89413165,7390819,جائحة فيروس كورونا في صوماليلاند 2020,arwiki,Region,False
Q89990513,7451255,جائحة فيروس كورونا في طاجيكستان 2020,arwiki,Region,False
Q87454162,7328796,جائحة فيروس كورونا في عمان 2020,arwiki,Region,False
Q87899016,7348270,جائحة فيروس كورونا في غامبيا 2020,arwiki,Region,False
Q87666247,7337681,جائحة فيروس كورونا في غانا 2020,arwiki,Region,False
Q88713785,7395532,جائحة فيروس كورونا في غرينادا 2020,arwiki,Region,False
Q87669612,7348453,جائحة فيروس كورونا في غواتيمالا 2020,arwiki,Region,False
Q87144389,7348426,جائحة فيروس كورونا في غوادلوب 2020,arwiki,Region,False
Q87769115,7345102,جائحة فيروس كورونا في غوام 2020,arwiki,Region,False
Q87659698,7345019,جائحة فيروس كورونا في غويانا 2020,arwiki,Region,False
Q87144458,7345080,جائحة فيروس كورونا في غويانا الفرنسية 2020,arwiki,Region,False
Q87739744,7502776,جائحة فيروس كورونا في غيرنزي 2020,arwiki,Region,False
Q87651970,7337971,جائحة فيروس كورونا في غينيا 2020,arwiki,Region,False
Q87742064,7339008,جائحة فيروس كورونا في غينيا الاستوائية 2020,arwiki,Region,False
Q88617000,7368550,جائحة فيروس كورونا في غينيا بيساو 2020,arwiki,Region,False
Q87742089,7462463,جائحة فيروس كورونا في فرجينيا 2020,arwiki,Region,False
Q87816110,7555140,جائحة فيروس كورونا في فرجينيا الغربية 2020,arwiki,Region,False
Q83873593,7333789,جائحة فيروس كورونا في فرنسا 2020,arwiki,Region,False
Q87199320,7321999,جائحة فيروس كورونا في فلسطين 2020,arwiki,Region,False
Q87742103,7403429,جائحة فيروس كورونا في فلوريدا 2020,arwiki,Region,False
Q87652010,7340375,جائحة فيروس كورونا في فنزويلا 2020,arwiki,Region,False
Q84055415,7341943,جائحة فيروس كورونا في فنلندا 2019–20,arwiki,Region,False
Q83873057,7586206,جائحة فيروس كورونا في فيتنام 2020,arwiki,Region,False
Q87975745,7350687,جائحة فيروس كورونا في فيجي 2020,arwiki,Region,False
Q87746277,7398180,جائحة فيروس كورونا في فيرمونت 2020,arwiki,Region,False
Q87580938,7366275,جائحة فيروس كورونا في قبرص 2020,arwiki,Region,False
Q87743173,7350049,جائحة فيروس كورونا في قبرص الشمالية 2020,arwiki,Region,False
Q87733671,7335674,جائحة فيروس كورونا في قطر 2020,arwiki,Region,False
Q87902950,7352580,جائحة فيروس كورونا في قيرغيزستان 2020,arwiki,Region,False
Q87743900,7565623,جائحة فيروس كورونا في كارولاينا الجنوبية 2020,arwiki,Region,False
Q87743878,7607425,جائحة فيروس كورونا في كارولاينا الشمالية 2020,arwiki,Region,False
Q87651995,7340945,جائحة فيروس كورونا في كازاخستان 2020,arwiki,Region,False
Q87648388,7350661,جائحة فيروس كورونا في كاليدونيا الجديدة 2020,arwiki,Region,False
Q87455852,7492561,جائحة فيروس كورونا في كاليفورنيا 2020,arwiki,Region,False
Q87742750,7560301,جائحة فيروس كورونا في كانساس 2020,arwiki,Region,False
Q87250732,7362281,جائحة فيروس كورونا في كرواتيا 2020,arwiki,Region,False
Q83888864,7392987,جائحة فيروس كورونا في كمبوديا 2020,arwiki,Region,False
Q87745981,7706433,جائحة فيروس كورونا في كنتاكي 2020,arwiki,Region,False
Q83873580,7345195,جائحة فيروس كورونا في كندا 2020,arwiki,Region,False
Q87590993,7350676,جائحة فيروس كورونا في كوبا 2020,arwiki,Region,False
Q87709760,7350692,جائحة فيروس كورونا في كوراساو 2020,arwiki,Region,False
Q83872398,7304130,جائحة فيروس كورونا في كوريا الجنوبية 2020,arwiki,Region,False
Q86675924,7338655,جائحة فيروس كورونا في كوريا الشمالية 2019–20,arwiki,Region,False
Q87477462,7364938,جائحة فيروس كورونا في كوستاريكا 2020,arwiki,Region,False
Q87655119,7397751,جائحة فيروس كورونا في كوسوفو 2020,arwiki,Region,False
Q87742736,7541822,جائحة فيروس كورونا في كولورادو 2020,arwiki,Region,False
Q89501372,7437793,جائحة فيروس كورونا في كولومبوس، أوهايو 2020,arwiki,Region,False
Q87483673,7344759,جائحة فيروس كورونا في كولومبيا 2020,arwiki,Region,False
Q88082587,7353121,جائحة فيروس كورونا في كولومبيا البريطانية 2020,arwiki,Region,False
Q87743879,7740845,جائحة فيروس كورونا في كونيتيكت 2020,arwiki,Region,False
Q88024576,7374211,جائحة فيروس كورونا في كيبك 2020,arwiki,Region,False
Q87705884,7338046,جائحة فيروس كورونا في كينيا 2020,arwiki,Region,False
Q87162010,7338359,جائحة فيروس كورونا في لا ريونيون 2020,arwiki,Region,False
Q87066621,7608564,جائحة فيروس كورونا في لاتفيا 2020,arwiki,Region,False
Q87245450,7323722,جائحة فيروس كورونا في لبنان 2020,arwiki,Region,False
Q87910176,7382663,جائحة فيروس كورونا في لندن 2020,arwiki,Region,False
Q87250860,7555109,جائحة فيروس كورونا في لوكسمبورغ 2020,arwiki,Region,False
Q87742116,7544768,جائحة فيروس كورونا في لويزيانا 2020,arwiki,Region,False
Q88568089,7361325,جائحة فيروس كورونا في ليبيا 2020,arwiki,Region,False
Q87766242,7340581,جائحة فيروس كورونا في ليبيريا 2020,arwiki,Region,False
Q87250838,7554432,جائحة فيروس كورونا في ليتوانيا 2020,arwiki,Region,False
Q87250819,7346869,جائحة فيروس كورونا في ليختنشتاين 2020,arwiki,Region,False
Q91024607,7488421,جائحة فيروس كورونا في ليسوتو 2020,arwiki,Region,False
Q87161441,7351925,جائحة فيروس كورونا في مارتينيك 2020,arwiki,Region,False
Q87742118,7512145,جائحة فيروس كورونا في ماريلند 2020,arwiki,Region,False
Q87599914,7504768,جائحة فيروس كورونا في ماساتشوستس 2020,arwiki,Region,False
Q85872060,7323396,جائحة فيروس كورونا في ماكاو 2020,arwiki,Region,False
Q89285378,7390750,جائحة فيروس كورونا في مالاوي 2020,arwiki,Region,False
Q87587760,7480810,جائحة فيروس كورونا في مالطا 2020,arwiki,Region,False
Q88556836,7368543,جائحة فيروس كورونا في مالي 2020,arwiki,Region,False
Q83873556,7383587,جائحة فيروس كورونا في ماليزيا 2020,arwiki,Region,False
Q87162202,7338061,جائحة فيروس كورونا في مايوت 2020,arwiki,Region,False
Q88225303,7352937,جائحة فيروس كورونا في مدغشقر 2020,arwiki,Region,False
Q91243540,7429270,جائحة فيروس كورونا في مدينة فيلادلفيا 2020,arwiki,Region,False
Q87116829,7325175,جائحة فيروس كورونا في مصر 2020,arwiki,Region,False
Q89592594,7393564,جائحة فيروس كورونا في مليلية 2020,arwiki,Region,False
Q87708832,7365647,جائحة فيروس كورونا في منغوليا 2020,arwiki,Region,False
Q87709900,7337663,جائحة فيروس كورونا في موريتانيا 2020,arwiki,Region,False
Q87979033,7349993,جائحة فيروس كورونا في موريشيوس 2020,arwiki,Region,False
Q88335426,7362610,جائحة فيروس كورونا في موزمبيق 2020,arwiki,Region,False
Q87592982,7379423,جائحة فيروس كورونا في مولدوفا 2020,arwiki,Region,False
Q87250877,7379010,جائحة فيروس كورونا في موناكو 2020,arwiki,Region,False
Q88460663,7606417,جائحة فيروس كورونا في ميانمار 2020,arwiki,Region,False
Q87742754,7517547,جائحة فيروس كورونا في ميشيغان 2020,arwiki,Region,False
Q87742718,7541878,جائحة فيروس كورونا في مينيسوتا 2020,arwiki,Region,False
Q87729501,7338033,جائحة فيروس كورونا في ناميبيا 2020,arwiki,Region,False
Q87745208,7581972,جائحة فيروس كورونا في نبراسكا 2020,arwiki,Region,False
Q89277311,7430539,جائحة فيروس كورونا في نوفا سكوشا 2020,arwiki,Region,False
Q83873573,7375497,جائحة فيروس كورونا في نيبال 2020,arwiki,Region,False
Q87718451,7338019,جائحة فيروس كورونا في نيجيريا 2020,arwiki,Region,False
Q87976701,7362595,جائحة فيروس كورونا في نيكاراغوا 2020,arwiki,Region,False
Q87746018,7538596,جائحة فيروس كورونا في نيو مكسيكو 2020,arwiki,Region,False
Q87663590,7539586,جائحة فيروس كورونا في نيوجيرسي 2020,arwiki,Region,False
Q87250803,7351915,جائحة فيروس كورونا في نيوزلندا 2020,arwiki,Region,False
Q87746132,7363693,جائحة فيروس كورونا في نيوهامبشير 2020,arwiki,Region,False
Q88641716,7532899,جائحة فيروس كورونا في نيويورك 2019–20,arwiki,Region,False
Q87746177,7354094,جائحة فيروس كورونا في هاواي 2020,arwiki,Region,False
Q88082693,7350910,جائحة فيروس كورونا في هايتي 2020,arwiki,Region,False
Q87589392,7380925,جائحة فيروس كورونا في هندوراس 2020,arwiki,Region,False
Q86756826,7400909,جائحة فيروس كورونا في هولندا 2020,arwiki,Region,False
Q84146057,7360385,جائحة فيروس كورونا في هونغ كونغ 2020,arwiki,Region,False
Q87742107,7541872,جائحة فيروس كورونا في ولاية جورجيا 2020,arwiki,Region,False
Q87742745,7431948,جائحة فيروس كورونا في ولاية ديلاوير 2020,arwiki,Region,False
Q87429464,7375401,جائحة فيروس كورونا في ولاية كيرلا 2020,arwiki,Region,False
Q87414741,7348046,جائحة فيروس كورونا في ولاية نيويورك 2020,arwiki,Region,False
Q87409953,7352527,جائحة فيروس كورونا في ولاية واشنطن 2020,arwiki,Region,False
Q87743866,7539608,جائحة فيروس كورونا في ويلز 2020,arwiki,Region,False
Q89277288,7506692,جائحة فيروس كورونا-19 في ترانسنيستريا,arwiki,Region,False
Q91095151,7522179,جائحة كورونا على متن سفينة شارلز دي غول,arwiki,Region,False
Q93393347,7468183,جائحة كورونا في بوسطن,arwiki,Region,False
Q88484856,7450658,جائحة كورونا لعام 2020 في بورتلاند (أوريغون),arwiki,Region,False
Q89277128,7450477,جائحة كورونا لعام 2020 في جزيرة الأمير إدوارد,arwiki,Region,False
Q91763617,7698681,جائحة كورونا-19 في التبت,arwiki,Region,False
Q90084900,7502810,جائحة كوفيد-19 على متن السفن البحرية,arwiki,Region,False
Q94050008,7556473,جائحة كوفيد-19 في منطقة خليج سان فرانسيسكو,arwiki,Region,False
Q6110020,3196511,جاباري باركر,arwiki,Human,False
Q318991,59318,جاد المالح,arwiki,Human,False
Q740411,7380962,جاك يواكيم يومبي أوبانغو,arwiki,Human,False
Q355009,5199055,جاكسون براون,arwiki,Human,False
Q26211997,4827952,جانيس هورن,arwiki,Human,False
Q16581287,6729298,جانين آنييز,arwiki,Human,False
Q6166387,5028789,جاي بنديكت,arwiki,Human,False
Q2317740,3194119,جايسون كولينز,arwiki,Human,False
Q89058562,7379316,جايمس ت. غودريتش,arwiki,Human,False
Q10304982,4819020,جايير بولسونارو,arwiki,Human,False
Q2029605,4511567,جمال هيرنغ,arwiki,Human,False
Q58993183,5411241,جو كونينغهام,arwiki,Human,False
Q95677819,7555074,جورج فلويد (مواطن أمريكي),arwiki,Human,False
Q3180252,6801431,جول إم. ريد,arwiki,Human,False
Q3189161,5006637,جولي بينيت,arwiki,Human,False
Q6251147,5171130,جون أوغيلفي,arwiki,Human,False
Q520296,7396776,جون براين (مغن),arwiki,Human,False
Q1193243,6738396,جون تيودور هوتون,arwiki,Human,False
Q1364820,6712291,جون كوكس (مقدم برامج إذاعية),arwiki,Human,False
Q268961,1350242,جون هورتون كونواي,arwiki,Human,False
Q16235385,5616602,جوي غالو,arwiki,Human,False
Q57567,824743,جويل ماتيب,arwiki,Human,False
Q717045,6193169,جيم إدموندز,arwiki,Human,False
Q6195534,5381436,جيم هندرسون,arwiki,Human,False
Q6137546,5537824,جيمس إل. دولان,arwiki,Human,False
Q13605936,2538349,جيمس إينيس,arwiki,Human,False
Q6140775,6729897,جيمس بي جورمان,arwiki,Human,False
Q217238,850745,جيمي جونسون,arwiki,Human,False
Q5531445,5597943,جين شاي,arwiki,Human,False
Q19361829,7332957,جيوفاني باتيستا رابينو,arwiki,Human,False
Q2784436,1542348,حسن أحمد اللوزي,arwiki,Human,False
Q6762954,582211,حسن عبد الله الشرفي,arwiki,Human,False
Q12208000,1540722,حسن علوان (فنان يمني),arwiki,Human,False
Q16885630,5901404,حسين شيخ الإسلام,arwiki,Human,False
Q21405631,7349511,حميد كهرام,arwiki,Human,False
Q4822123,7416986,حيدر باش,arwiki,Human,False
Q50824635,5397418,خافيير أورتيغا سميث,arwiki,Human,False
Q19599015,5312990,خافيير خيمينيز (لاعب كرة طائرة),arwiki,Human,False
Q154855,61027,خافيير سولانا,arwiki,Human,False
Q6165508,5361959,خافيير فرنسيسكو منديز,arwiki,Human,False
Q11326624,6060140,خافيير كاستيلانو,arwiki,Human,False
Q5951723,1936218,خوان أورلاندو هيرنانديز,arwiki,Human,False
Q1710489,5693626,خوان خيمينيز,arwiki,Human,False
Q15396247,2939873,خوسيه لويس غايا,arwiki,Human,False
Q88364089,7372981,خوسيه ماريا لويزاغا فيجوري,arwiki,Human,False
Q10263911,7381173,دانيال أزولاي,arwiki,Human,False
Q299700,275312,دانيال داي كم,arwiki,Human,False
Q904365,5585146,دانيال شيفر كيمب,arwiki,Human,False
Q18129450,7379925,دانيال يوستي,arwiki,Human,False
Q15830919,2814180,دانييلي روغاني,arwiki,Human,False
Q310098,5199083,دايفيد بريان,arwiki,Human,False
Q11671,5201629,دايفيد بيسلي,arwiki,Human,False
Q88199660,7397403,دليل فيروس كورونا التكنولوجي,arwiki,Others,False
Q24572712,6060073,دومينيك كامينغز,arwiki,Human,False
Q1240022,5727612,دونالد كينيدي (كاتب),arwiki,Human,False
Q30122104,4381300,دونوفان ميتشل,arwiki,Human,False
Q60478,3511391,دياندري جوردان,arwiki,Human,False
Q238671,3737712,ديبي مازار,arwiki,Human,False
Q3706229,7365128,ديتو ماريانو,arwiki,Human,False
Q2450102,6202927,ديف غرينفيلد,arwiki,Human,False
Q48700293,5987077,ديفيد أوين بروكس,arwiki,Human,False
Q5273153,5546299,ديك لوكاس,arwiki,Human,False
Q422252,1991375,ديكساميثازون,arwiki,Others,False
Q21888028,6621665,ديمتري ستراخوف,arwiki,Human,False
Q394077,2536987,دينامو (ساحر),arwiki,Human,False
Q1227076,5258548,ديوسدادو كابيو,arwiki,Human,False
Q196185,2530193,راسل وستبروك,arwiki,Human,False
Q463557,1997061,راند بول,arwiki,Human,False
Q11154007,279298,رجاء الجداوي,arwiki,Human,False
Q201900,125704,رشدي رتشبر,arwiki,Human,False
Q87975990,7356257,رضا محمدي لنغرودي,arwiki,Human,False
Q7333210,12255,رفعة الجادرجي,arwiki,Human,False
Q3938207,5538943,روبرت بيك,arwiki,Human,False
Q432274,5579292,روبرت لين كارول,arwiki,Human,False
Q5979729,5783070,روجر ماثيوز,arwiki,Human,False
Q3446792,2532827,رودي غبرت,arwiki,Human,False
Q20417790,2099751,روني الطرابلسي,arwiki,Human,False
Q3430000,239008,رياض عصمت,arwiki,Human,False
Q234144,1979892,ريتا ويلسون,arwiki,Human,False
Q1438821,1489221,ريتشارد كويست,arwiki,Human,False
Q7329977,6248332,ريتشارد ويلكينز,arwiki,Human,False
Q16733022,5389191,ريجنالد موردوك,arwiki,Human,False
Q43109080,6033178,ريكس باتريك,arwiki,Human,False
Q1872988,7422302,زكريا كوميتي,arwiki,Human,False
Q88394294,7367039,زورورو ماكامبا,arwiki,Human,False
Q230445,1757577,سارة باريلز,arwiki,Human,False
Q11703587,6721067,سانتياغو أباسكال,arwiki,Human,False
Q2745548,5493214,ساندي باتي,arwiki,Human,False
Q959755,4270636,ساوث باي ساوث واست,arwiki,Others,False
Q16226957,2539646,سبنسر دينويدي,arwiki,Human,False
Q728753,5570502,ستيف دي جورجيو,arwiki,Human,False
Q509377,4828406,ستيفان تيسكر,arwiki,Human,False
Q7614463,5604275,ستيفن أفيري,arwiki,Human,False
Q88605041,7365486,ستيفن ديك (دبلوماسي اسكتلندي),arwiki,Human,False
Q61161331,7349423,ستيفن شوارتز (أخصائي علم الأمراض),arwiki,Human,False
Q12215887,400626,سعد التمامي,arwiki,Human,False
Q4356594,5580154,سكوت أرسكين,arwiki,Human,False
Q3470332,5785510,سلفادور بيريز,arwiki,Human,False
Q3788185,6213757,سوفي غريغوار ترودو,arwiki,Human,False
Q83264280,7244678,سوق ووهان للمأكولات البحرية,arwiki,Others,False
Q211691,1718694,سوك هيون جوك,arwiki,Human,False
Q465470,2704947,سيباستيان شابال,arwiki,Human,False
Q7660402,1673904,سيد منور حسن,arwiki,Human,False
Q3956022,7361873,سيرجيو باسي,arwiki,Human,False
Q22921036,7387484,سيرجيو روسي (مصمم أحذية),arwiki,Human,False
Q7666107,5593008,سيرجيو سانتانا,arwiki,Human,False
Q12971471,7720144,سيلفيا سانشيز,arwiki,Human,False
Q55030082,5686690,شارلوته لورانس,arwiki,Human,False
Q7679487,7599168,طالب جوهري,arwiki,Human,False
Q98485,7375537,طوماس شيفر,arwiki,Human,False
Q88463634,7711195,ظفر ميرزا,arwiki,Human,False
Q90153083,7406301,عبد الرحمن مرتضانوف,arwiki,Human,False
Q2821074,1204344,عبد القادر اعمارة,arwiki,Human,False
Q88660090,7364993,عبد القادر محمد فرح,arwiki,Human,False
Q83554667,7244691,عزل ووهان 2020,arwiki,Others,False
Q439354,2447708,علي أكبر ولايتي,arwiki,Human,False
Q336363,190101,علي لاريجاني,arwiki,Human,False
Q96252244,7563526,علي هادي,arwiki,Human,False
Q7089690,7398795,عمر فياض,arwiki,Human,False
Q11885519,4825999,عمر كوليي,arwiki,Human,False
Q18351186,5322117,عمران خان (لاعب كريكت),arwiki,Human,False
Q84762892,7348857,عمليات الإجلاء المتعلقة بجائحة فيروس كورونا 2019–20,arwiki,Others,False
Q8964811,6222068,غارسيا باريوس,arwiki,Human,False
Q968498,5732959,غاري هولت (موسيقي),arwiki,Human,False
Q337681,1976066,غريغور ديمتروف,arwiki,Human,False
Q558820,1705679,غوتوكو ساكاي,arwiki,Human,False
Q204279,366490,غوران إيفانيسيفيش,arwiki,Human,False
Q1545256,689450,غويو بينيتو,arwiki,Human,False
Q97129077,7716579,غيداء كمبش,arwiki,Human,False
Q5560829,5777456,غيلبرت بورنس,arwiki,Human,False
Q28967968,4842854,فابيو ديباولي,arwiki,Human,False
Q262203,264557,فاتح تريم,arwiki,Human,False
Q5946269,7322918,فاطمة رهبر,arwiki,Human,False
Q17305299,3649652,فرانسيس تيافوي,arwiki,Human,False
Q29727768,5719615,فرانسيسكو بيروني,arwiki,Human,False
Q3749916,5772557,فرانسيسكو دي كارلو,arwiki,Human,False
Q3750130,5120992,فرانسيسكو لا روزا,arwiki,Human,False
Q87830378,7350720,فرانشيسكو سافريو بافون,arwiki,Human,False
Q64463,7468445,فرانك ريستر,arwiki,Human,False
Q16889614,3004159,فرناندو جافيريا,arwiki,Human,False
Q24941815,7396741,فرناندو سيمون,arwiki,Human,False
Q839107,5582691,فرناندو مارتين ألفاريز,arwiki,Human,False
Q5435227,7366144,فريبورز رئیس‌دانا,arwiki,Human,False
Q566257,5208348,فريدرش ميرتس,arwiki,Human,False
Q3087003,5640098,فريدي فريمان,arwiki,Human,False
Q88553411,7366124,فلويد كاردوز,arwiki,Human,False
Q1823140,6792270,فون ميلر,arwiki,Human,False
Q18613182,3200091,فياني,arwiki,Human,False
Q679049,435503,فيتوريو غريغوتي,arwiki,Human,False
Q278567,7345821,فيروس كورونا المرتبط بالمتلازمة التنفسية الحادة الشديدة,arwiki,Others,False
Q82069695,7185257,فيروس كورونا المرتبط بالمتلازمة التنفسية الحادة الشديدة النوع 2,arwiki,Others,False
Q148225,325592,فيكتور ترويسكي,arwiki,Human,False
Q16195095,5396473,فيليب غان,arwiki,Human,False
Q964474,5032978,فيليب ناهون,arwiki,Human,False
Q777319,2717334,فيليبي نصر,arwiki,Human,False
Q92743,919556,فينت سيرف,arwiki,Human,False
Q88027839,7351544,قائمة وفيات جائحة فيروس كورونا 2019–20,arwiki,Others,False
Q88815228,7712766,قانون كيرز,arwiki,Others,False
Q87073833,7338630,قيود السفر بسبب جائحة كورونا 2019–20,arwiki,Others,False
Q437950,3114833,كاترينا آدامز,arwiki,Human,False
Q78515,3324884,كارل من هابسبورغ,arwiki,Human,False
Q27664982,7360104,كارلوس فالكو، مركيز غرينون الخامس,arwiki,Human,False
Q1725252,6227142,كاريل هيربست,arwiki,Human,False
Q42396622,4781577,كالوم هودسون أودوي,arwiki,Human,False
Q21683921,6204114,كاليب جونز (لاعب هوكي الجليد),arwiki,Human,False
Q6363189,4817683,كانيكا كابور,arwiki,Human,False
Q35191,986425,كرنفال البندقية,arwiki,Others,False
Q5112179,6689795,كريس كيومو,arwiki,Human,False
Q56450896,7507281,كريس ويتي,arwiki,Human,False
Q1086279,5677837,كريستوف,arwiki,Human,False
Q445438,4142289,كريستوفر كروس,arwiki,Human,False
Q6438398,3782837,كريستوفر هيفيو,arwiki,Human,False
Q707984,5208330,كريستيان جاكوب,arwiki,Human,False
Q20639748,3200475,كريستيان وود,arwiki,Human,False
Q3193039,6249099,كريم جاكسون,arwiki,Human,False
Q10943455,1519002,كريم قاسم,arwiki,Human,False
Q706818,652699,كليف ألين,arwiki,Human,False
Q2633169,3385959,كوزو تاشيما,arwiki,Human,False
Q6396195,5567758,كيفن دوفي,arwiki,Human,False
Q29545,2493775,كيفن ديورانت,arwiki,Human,False
Q13560902,5660296,كيمبرلي غيلفويل,arwiki,Human,False
Q6388519,4891282,كين سنو,arwiki,Human,False
Q1320080,6023310,كين شيمورا,arwiki,Human,False
Q187198,125103,كيني دالغليش,arwiki,Human,False
Q1806117,6165823,لاري سكوت (لاعب كرة مضرب),arwiki,Human,False
Q19974584,5560168,لقمان نيود,arwiki,Human,False
Q271765,5223473,لورا بيل باندي,arwiki,Human,False
Q3836866,7365469,لورنزو أكوارون,arwiki,Human,False
Q1067412,437688,لورينزو سانز,arwiki,Human,False
Q267724,7456656,لوسيا بوسي,arwiki,Human,False
Q334126,610965,لويس سيبولفيدا,arwiki,Human,False
Q314861,68501,لويس فيرنانديز,arwiki,Human,False
Q87511491,7333023,لي تشا سو,arwiki,Human,False
Q453393,7422270,لي كونيتز,arwiki,Human,False
Q84497471,7257210,لي وين ليانغ,arwiki,Human,False
Q85245727,7353998,ليانج ودونج,arwiki,Human,False
Q85881430,7349746,ليو فان (ممرضة),arwiki,Human,False
Q478161,5370061,مات هانكوك,arwiki,Human,False
Q28968068,4842898,ماتيا زاكايني,arwiki,Human,False
Q2024999,3407171,مادس مينساه لارسن,arwiki,Human,False
Q29230,128545,مارتي أهتيسآري,arwiki,Human,False
Q2386112,5505537,مارسيل مورو (كاتب),arwiki,Human,False
Q6756606,7360116,مارسيلو بيرالتا,arwiki,Human,False
Q1868688,3460082,مارك بلوم,arwiki,Human,False
Q17371175,6033622,مارك فيلار,arwiki,Human,False
Q207399,887750,ماركو بانتيليتش,arwiki,Human,False
Q6757719,4670057,ماركو سبورتيلو,arwiki,Human,False
Q6758454,2538934,ماركوس سمارت,arwiki,Human,False
Q15731012,5686532,مارلون مورايس,arwiki,Human,False
Q88978483,7383558,ماريا ميركيدر,arwiki,Human,False
Q48280,2891183,مارياني فايثفول,arwiki,Human,False
Q1270426,2986266,ماكسيميليانو ريتشيزي,arwiki,Human,False
Q17465755,2961192,مالكولم بروجدون,arwiki,Human,False
Q445829,3422598,مانو ديبانغو,arwiki,Human,False
Q129816,2813127,مانولو غابياديني,arwiki,Human,False
Q1431761,5364601,مايك كيلي (سياسي),arwiki,Human,False
Q1933279,5596226,مايك لونجو,arwiki,Human,False
Q352696,2538346,مايكل بيسلي,arwiki,Human,False
Q85098459,7350173,محمد رضا رحشماني,arwiki,Human,False
Q23820256,7740040,محمد سيلا (مغني),arwiki,Human,False
Q21674648,7371011,محمد علوي تبار,arwiki,Human,False
Q86709709,7309403,محمد علي رمضاني دستك,arwiki,Human,False
Q97388797,7733731,محمد منير (كاتب صحفي),arwiki,Human,False
Q16052285,7312807,محمد مير محمدي,arwiki,Human,False
Q82504773,7690077,محمد ياسين محمد,arwiki,Human,False
Q296724,1031286,محمود جبريل,arwiki,Human,False
Q18975243,7265779,مرض فيروس كورونا,arwiki,Others,False
Q84263196,7259267,مرض فيروس كورونا 2019,arwiki,Others,False
Q275169,816725,مروان فيلايني,arwiki,Human,False
Q94982501,7419528,مستشفى كانبيرا الميداني لكورونا,arwiki,Others,False
Q83766264,7270295,مستشفى لي شين شان,arwiki,Others,False
Q83554783,7270051,مستشفى هوو شين شان,arwiki,Others,False
Q349311,3223254,مصطفى بور محمدي,arwiki,Human,False
Q20751292,7518301,مصطفى خرمدل,arwiki,Human,False
Q738196,2827151,معصومة ابتكار,arwiki,Human,False
Q85173778,7322211,معلومات مغلوطة عن جائحة كورونا 2019-20,arwiki,Others,False
Q795924,491184,ملتقى عالم الهاتف النقال,arwiki,Others,False
Q83741704,7243723,مناطق انتشار فيروس كورونا حسب الدولة والمنطقة 2019–20,arwiki,Others,False
Q96656030,7691886,مناف طالب,arwiki,Human,False
Q982113,3186473,مو كانازاكي,arwiki,Human,False
Q4084007,5577002,موريس بيرغر,arwiki,Human,False
Q18687827,7484455,موريس هود الثالث,arwiki,Human,False
Q3326196,1757873,موسى بن حمادي,arwiki,Human,False
Q691911,1052305,ميتشل لانغيراك,arwiki,Human,False
Q4298520,7169747,ميخائيل ميشوستين,arwiki,Human,False
Q2917346,1208511,ميشال بوجناح,arwiki,Human,False
Q3857269,4293356,ميغيل جونز,arwiki,Human,False
Q4994305,3417227,ميكائيل أبيلجرين (كرة يد),arwiki,Human,False
Q185572,147585,ميكل أرتيتا,arwiki,Human,False
Q258586,7329015,نادين دوريس,arwiki,Human,False
Q87652750,7350099,ناصر شعباني,arwiki,Human,False
Q6793091,1593119,ناظم نعيم,arwiki,Human,False
Q540283,5178901,نايجل تايلور,arwiki,Human,False
Q588067,365967,نتالي هورلر,arwiki,Human,False
Q92054378,7383500,نور الدين زيدوني,arwiki,Human,False
Q451302,7381273,نور حسن حسين عدي,arwiki,Human,False
Q430746,367360,نورمان هنتر,arwiki,Human,False
Q5812,238261,نوفاك دجوكوفيتش,arwiki,Human,False
Q3340026,5388742,نيقولا ألفونسي,arwiki,Human,False
Q16887672,5617576,نيك غوردون,arwiki,Human,False
Q16847056,7710831,نيك كورديرو,arwiki,Human,False
Q17281073,3201447,نيكولا يوكيتش,arwiki,Human,False
Q15485954,6666985,نيكولاس رينالدي (شاعر),arwiki,Human,False
Q27733851,5383735,نيل دان,arwiki,Human,False
Q30081749,3540491,هادي خسروشاهي,arwiki,Human,False
Q1248209,6144514,هارفي غولدستاين,arwiki,Human,False
Q531599,4391671,هارفي واينستين,arwiki,Human,False
Q222851,2540210,هاريسون بارنز,arwiki,Human,False
Q6555796,7350271,هاشم بطحائي كلبايكاني,arwiki,Human,False
Q62353353,6186137,هنتر بيشوب,arwiki,Human,False
Q17305968,6162823,هنري غراف,arwiki,Human,False
Q719759,5566673,هنري غرايمز,arwiki,Human,False
Q1340521,5365428,هنري ويبر,arwiki,Human,False
Q202807,6712923,هنريك سواريز دا كوستا,arwiki,Human,False
Q5253272,7439870,هنك اوفرغور,arwiki,Human,False
Q116650,4521995,هوغو غاتي,arwiki,Human,False
Q84737258,7332994,هونغ لينغ (كيمياء حيوية),arwiki,Human,False
Q12964789,5681908,هوي سيفيرينو,arwiki,Human,False
Q51754355,6219162,هيلينا ديكس,arwiki,Human,False
Q85354114,7360085,وانغ شيان ليانغ,arwiki,Human,False
Q85882549,7383711,وانغ غوانجفا,arwiki,Human,False
Q93579649,7487715,وباء (فيديو),arwiki,Others,False
Q87743872,7439920,وباء فايروس كورونا المستجد 2020 في ويسكونسن,arwiki,Region,False
Q89453779,7435702,وباء فايروس كورونا في القارة القطبية الجنوبية 2020,arwiki,Region,False
Q87805340,7379788,وباء فيروس كورونا 2020 في ولاية ماهاراشترا,arwiki,Region,False
Q87743873,7445088,وباء فيروس كورونا في ولاية أوهايو الأمريكية 2020,arwiki,Region,False
Q91618785,7456619,وباء فيروس كورونا في ولاية مونتريال الكندية 2020,arwiki,Region,False
Q67163842,6905118,ولاء البوشي,arwiki,Human,False
Q4468223,1869088,وو لي,arwiki,Human,False
Q3568303,6147431,ويل سميث (لاعب كرة قاعدة),arwiki,Human,False
Q11101097,7360088,يانغ زياوبو,arwiki,Human,False
Q15820808,3410575,يانيك كولباخر,arwiki,Human,False
Q2120884,3196632,يعكوف ليتزمان,arwiki,Human,False
Q18043515,7563362,يفغيني ميكرين,arwiki,Human,False
Q281708,4274836,ينس كوكلاير,arwiki,Human,False
Q753852,1331791,يو إس إس ثيودور روزفلت (CVN - 71),arwiki,Others,False
Q2720169,3242889,يواكيم أمير بلجيكا، أرشيدوق النمسا وإستي,arwiki,Human,False
Q1945815,4385514,يواكيم تورا,arwiki,Human,False
Q96551,6015049,يوهانس بي. كيرنر,arwiki,Human,False
